denominazione,regione,provincia,comune,organismo,sport,affiliazione_completa
""" ASD BRINDISI VOLLEY """,Puglia,BR,Brindisi,CSI,CSI,CSI
"""A.S.D. ATELLANA VOLLEY & SPORTS""",Campania,CE,Succivo,FIGC,Calcio,FIGC
"""A.S.D. LIBERA VOLLEY""",Lazio,RM,Ladispoli,OPES,OPES,OPES
"""ASS. SPORTIVA DILETTANTISTICA VOLLEY SEMPRE VOLLEY """,Friuli-Venezia Giulia,TS,Trieste,UISP,UISP,UISP
"""ASSOCIAZIONE DILETTANTISTICA PALLAVOLO MASSA LOMBARDA""",Emilia-Romagna,RA,Massa Lombarda,CSI,CSI,CSI
"""FORTISSIMA MENTE VOLLEY ASD""",Lazio,RM,Roma,CSEN,CSEN,CSEN
"""QUELLI DEL VOLLEY"" - A.S.D.",Campania,NA,Meta,US_ACLI,US_ACLI,US_ACLI
A S D PALLAVOLO SETTIMO TORINESE,Piemonte,TO,Settimo Torinese,UISP,UISP,UISP
"A,S,D, LEONESSA VOLLEY LATINA",Lazio,LT,Latina,CSI,CSI,CSI
A. S. D. PALLAVOLO SEDILO,Sardegna,OR,Sedilo,CSI,CSI,CSI
A.D.M.O. VOLLEY A.S.D.,Liguria,GE,Lavagna,CSI,CSI,CSI
A.I.C.S. VOLLEY A.S.D.,Emilia-Romagna,FC,Forlì,AICS,AICS,AICS
A.L.U.S. VOLLEY MASCALUCIA A.S.D.,Sicilia,CT,Mascalucia,CSI,CSI,CSI
A.S. DILETTANTISTICA PALLAVOLO VOLLEY 86,Umbria,PG,Assisi,CSI,CSI,CSI
A.S. DILETTANTISTICA ROMA XX VOLLEY,Lazio,RM,Roma,CSI,CSI,CSI
A.S. DILETTANTISTICA TEGOLETO VOLLEY,Toscana,AR,Civitella in Val di Chiana,UISP,UISP,UISP
A.S.D FLYARMIDA VOLLEY TAVIANO,Puglia,LE,Taviano,US_ACLI,US_ACLI,US_ACLI
A.S.D G.S.P. VALPOLICELLA VOLLEYBALL,Veneto,VR,Verona,CSI,CSI,CSI
A.S.D GREEN VOLLEY FRANCAVILLA,Puglia,BR,Francavilla Fontana,CSI,CSI,CSI
A.S.D PIEVE VOLLEY,Toscana,PT,Pieve a Nievole,CSI,CSI,CSI
A.S.D SPORTILIA VOLLEY,Puglia,BT,Bisceglie,CSEN,CSEN,CSEN
A.S.D. AIRONI VOLLEY STRIANO,Campania,NA,Striano,CSI,CSI,CSI
A.S.D. ALBALONGA VOLLEY BALL CLUB,Lazio,RM,Albano Laziale,US_ACLI,US_ACLI,US_ACLI
A.S.D. AMATORI VOLLEY MONTECCHIA,Veneto,VR,Montecchia di Crosara,CSI,CSI,CSI
A.S.D. AR.CO. VOLLEY ARZERGRANDE CODEVIGO,Veneto,PD,Codevigo,CSI,CSI,CSI
A.S.D. AREA-VOLLEY,Sicilia,CT,Catania,CSI,CSI,CSI
A.S.D. BASSA BRESCIANA VOLLEY,Lombardia,BS,Barbariga,CSI,CSI,CSI
A.S.D. BASSER VOLLEY,Emilia-Romagna,MO,Bomporto,CSI,CSI,CSI
A.S.D. BEACH VOLLEY LIFE,Lazio,LT,Sabaudia,OPES,OPES,OPES
A.S.D. BEE VOLLEY TRAMUTOLA,Basilicata,PZ,Marsicovetere,CSI,CSI,CSI
A.S.D. CALVIZZANO VOLLEY ASSOCIAZIONE SPORTIVA DILETTANTISTICA,Campania,NA,Calvizzano,CSI,CSI,CSI
A.S.D. CARNATE - USMATE VELATE VOLLEY,Lombardia,MB,Carnate,PGS,PGS,PGS
A.S.D. CASALE VOLLEY 3,Puglia,BR,Brindisi,CSI,CSI,CSI
A.S.D. CAVA VOLLEY,Campania,SA,Cava de' Tirreni,CSI,CSI,CSI
A.S.D. CENTRO TECNICO TERRITORIALE PALLAVOLO MONSUMMANO,Toscana,PT,Monsummano Terme,UISP,UISP,UISP
A.S.D. CENTRO VOLLEY ORTA,Campania,CE,Orta di Atella,CSI,CSI,CSI
A.S.D. CERTOSA VOLLEY,Toscana,FI,Impruneta,UISP,UISP,UISP
A.S.D. CORTONA VOLLEY,Toscana,AR,Cortona,UISP,UISP,UISP
A.S.D. COSSATO VOLLEY,Piemonte,BI,Cossato,CSI,CSI,CSI
A.S.D. CRAZY VOLLEY MILANO,Lombardia,MI,Rozzano,PGS,PGS,PGS
A.S.D. CRIVOLLEYASTI,Piemonte,AT,Asti,UISP,UISP,UISP US_ACLI
A.S.D. EURIALO SIRACUSA VOLLEY,Sicilia,SR,Melilli,CSI,CSI,CSI
A.S.D. EVEREST VOLLEY,Piemonte,TO,Torino,US_ACLI,US_ACLI,US_ACLI
A.S.D. FAMILYVOLLEY,Basilicata,PZ,Potenza,CSI,CSI,CSI
A.S.D. FIRENZE VOLLEY,Toscana,FI,Firenze,ASC,ASC,ASC
A.S.D. FOMARCO VOLLEY PIEVE,Piemonte,VB,Pieve Vergonte,CSI,CSI,CSI
A.S.D. FREE VOLLEY,Sicilia,AG,Agrigento,CSI,CSI,CSI
A.S.D. FUSIGNANO VOLLEY,Emilia-Romagna,RA,Fusignano,CSI,CSI,CSI
A.S.D. GARDONE RIVIERA VOLLEY,Lombardia,BS,Gardone Riviera,CSI,CSI,CSI
A.S.D. GATE VOLLEY MILANO,Lombardia,MI,Milano,PGS,PGS,PGS
A.S.D. GRANDA VOLLEY ACADEMY,Piemonte,CN,Cuneo,CSI,CSI,CSI
A.S.D. GRUPPO VOLLEY POZZECCO,Friuli-Venezia Giulia,UD,Bertiolo,CSI,CSI,CSI
A.S.D. IN VOLLEY,Lazio,RM,Roma,OPES,OPES,OPES
A.S.D. JUNIOR VOLLEY,Marche,AP,Folignano,CSEN,CSEN,CSEN
A.S.D. LABOR VOLLEY,Piemonte,TO,Borgaro Torinese,UISP,UISP,UISP
A.S.D. LAKES LEVICO-CALDONAZZO VOLLEY,Trentino-Alto Adige/Südtirol,TN,Levico Terme,CSI,CSI,CSI
A.S.D. LIBELLULA VOLLEY GOT TALENT,Piemonte,CN,Fossano,CSI,CSI,CSI
A.S.D. MAJESTIC VOLLEY,Lombardia,MB,Seregno,PGS,PGS,PGS
A.S.D. MARSALA VOLLEY PROJECT,Sicilia,TP,Marsala,CSI,CSI,CSI
A.S.D. MIGLIARINO VOLLEY,Toscana,PI,Vecchiano,CSI,CSI,CSI PGS
A.S.D. MONCHIO VOLLEY,Emilia-Romagna,PR,Monchio delle Corti,CSEN,CSEN,CSEN
A.S.D. MORICONE VOLLEY,Lazio,RM,Moricone,CSI,CSI,CSI
A.S.D. NEW RANDAZZO VOLLEY 2022,Sicilia,CT,Randazzo,CSI,CSI,CSI
A.S.D. NEW VOLLEY 2012 - ASSOCIAZIONE SPORTIVA DILETTANTISTICA,Lombardia,BG,Carvico,CSI,CSI,CSI
A.S.D. NUZZO SAN VOLLEY,Puglia,LE,Lecce,CSI,CSI,CSI
A.S.D. OLYMPIA PALLAVOLO BUCCINASCO,Lombardia,MI,Buccinasco,PGS,PGS,PGS
A.S.D. OLYMPIA VOLLEY CASALNUOVO,Campania,NA,Casalnuovo di Napoli,PGS,PGS,PGS
A.S.D. OPEN VOLLEY BRINDISI,Puglia,BR,Brindisi,CSI,CSI,CSI
A.S.D. PALLACANESTRO E PALLAVOLO REGGIOLO,Emilia-Romagna,RE,Reggiolo,FIP,Basket,CSI FIP
A.S.D. PALLANDIA VOLLEY,Basilicata,PZ,Melfi,FIGC,Calcio,OPES FIGC
A.S.D. PALLAVOLO AESERNIA,Molise,IS,Isernia,CSEN,CSEN,CSEN
A.S.D. PALLAVOLO AGRATE,Lombardia,MB,Agrate Brianza,PGS,PGS,PGS
A.S.D. PALLAVOLO BURAGO,Lombardia,MB,Burago di Molgora,CSI,CSI,CSI PGS
A.S.D. PALLAVOLO CALDERARA,Lombardia,MI,Paderno Dugnano,PGS,PGS,PGS
A.S.D. PALLAVOLO CASSINA,Lombardia,MI,Cassina de' Pecchi,CSI,CSI,CSI
A.S.D. PALLAVOLO COLOGNO,Lombardia,BG,Cologno al Serio,CSI,CSI,CSI
A.S.D. PALLAVOLO COPERCHIA,Campania,SA,Pellezzano,CSI,CSI,CSI
A.S.D. PALLAVOLO DAVOLI,Calabria,CZ,Davoli,PGS,PGS,PGS
A.S.D. PALLAVOLO GALLIATE,Piemonte,NO,Galliate,CSI,CSI,CSI
A.S.D. PALLAVOLO LIBERTAS PERUGIA,Umbria,PG,Perugia,CSI,CSI,CSI
A.S.D. PALLAVOLO LIZZANA,Trentino-Alto Adige/Südtirol,TN,Rovereto,CSI,CSI,FK CSI
A.S.D. PALLAVOLO LONATE POZZOLO - FERNO,Lombardia,VA,Lonate Pozzolo,PGS,PGS,PGS
A.S.D. PALLAVOLO LONGARE,Veneto,VI,Longare,ENDAS,ENDAS,ENDAS
A.S.D. PALLAVOLO MODUGNO,Puglia,BA,Modugno,CSEN,CSEN,CSEN
A.S.D. PALLAVOLO MONTESILVANO 3 NW POLISPORTIVA,Abruzzo,PE,Montesilvano,UISP,UISP,UISP
A.S.D. PALLAVOLO NUVOLERA,Lombardia,BS,Nuvolera,UISP,UISP,UISP
A.S.D. PALLAVOLO PORTO FUORI,Emilia-Romagna,RA,Ravenna,CSI,CSI,CSI
A.S.D. PALLAVOLO RONDO' MUGGIO',Lombardia,MB,Muggiò,PGS,PGS,PGS
A.S.D. PALLAVOLO SESTESE,Toscana,FI,Sesto Fiorentino,UISP,UISP,UISP
A.S.D. PALLAVOLO TELESE,Campania,BN,Telese Terme,CSI,CSI,CSI
A.S.D. PALLAVOLO TOR LUPARA,Lazio,RM,Guidonia Montecelio,CSI,CSI,CSI
A.S.D. PALLAVOLO VIAGRANDE,Sicilia,CT,Viagrande,CSI,CSI,CSI
A.S.D. PALMA TEAM VOLLEY,Sicilia,PA,Misilmeri,CSI,CSI,CSI
A.S.D. PIANETA VOLLEY TEAM APRILIA,Lazio,LT,Aprilia,US_ACLI,US_ACLI,US_ACLI
A.S.D. PLAY VOLLEY BARCELLONA,Sicilia,ME,Barcellona Pozzo di Gotto,PGS,PGS,PGS
A.S.D. POOL VOLLEY,Veneto,PD,Padova,US_ACLI,US_ACLI,US_ACLI
A.S.D. PORCARI VOLLEY,Toscana,LU,Porcari,CSI,CSI,CSI
A.S.D. PROJECT STAR VOLLEY,Veneto,RO,Porto Viro,CSI,CSI,CSI
A.S.D. PROMOZIONE PALLAVOLO BRESCIA,Lombardia,BS,Brescia,UISP,UISP,UISP
A.S.D. PURE VOLLEY ACADEMY,Calabria,CS,Roseto Capo Spulico,ENDAS,ENDAS,ENDAS
A.S.D. RAGUSA VOLLEY,Sicilia,RG,Ragusa,CSI,CSI,CSI
A.S.D. REDFOX VOLLEY BARLETTA,Puglia,BT,Barletta,CSEN,CSEN,CSEN
A.S.D. RICCIONE VOLLEY,Emilia-Romagna,RN,Riccione,PGS,PGS,PGS
A.S.D. RIOLO VOLLEY,Emilia-Romagna,RA,Riolo Terme,CSI,CSI,CSEN CSI
A.S.D. RIVIERA VOLLEY,Emilia-Romagna,RN,Rimini,PGS,PGS,PGS
A.S.D. SALA VOLLEY,Emilia-Romagna,PR,Sala Baganza,CSEN,CSEN,CSEN
A.S.D. SALEMI VOLLEY PROJECT ASSOCIAZIONE SPORTIVA DILETTANTISTICA,Sicilia,TP,Salemi,CSI,CSI,CSI
A.S.D. SALSO VOLLEY,Emilia-Romagna,PR,Salsomaggiore Terme,CSI,CSI,CSI
A.S.D. SAN PRISCO VOLLEYBALL,Campania,CE,San Prisco,CSI,CSI,CSI
A.S.D. SCHOOL VOLLEY PERUGIA,Umbria,PG,Perugia,CSI,CSI,CSI
A.S.D. SCUOLA DI PALLAVOLO FRANCO ANDERLINI,Emilia-Romagna,MO,Modena,CSI,CSI,CSI
A.S.D. SCUOLA DI PALLAVOLO ROBUR MASSA,Toscana,MS,Massa,CSI,CSI,CSI
A.S.D. SICILY BEACH VOLLEY SCHOOL,Sicilia,ME,Villafranca Tirrena,PGS,PGS,PGS
A.S.D. SPARANISE VOLLEY,Campania,CE,Sparanise,CSI,CSI,CSI
A.S.D. SPRINT VOLLEY GRAVELLONA TOCE,Piemonte,VB,Gravellona Toce,CSI,CSI,CSI
A.S.D. STORNARELLA VOLLEY,Puglia,FG,Stornarella,AICS,AICS,AICS
A.S.D. TEOLO VOLLEY,Veneto,PD,Teolo,CSI,CSI,CSI
A.S.D. TIGER VOLLEY FORTE DEI MARMI,Toscana,LU,Forte dei Marmi,CSI,CSI,CSI
A.S.D. TORRES VOLLEY SASSARI,Sardegna,SS,Sassari,ENDAS,ENDAS,ENDAS
A.S.D. TREVIGLIO PALLAVOLO,Lombardia,BG,Treviglio,CSI,CSI,CSI
A.S.D. TRIP VOLLEY,Veneto,PD,Padova,UISP,UISP,UISP
A.S.D. UMBRIA VOLLEY ACADEMY BY ALESSANDRO CHIAPPINI,Umbria,PG,Deruta,CSI,CSI,CSI
A.S.D. US. S.BERNARDO PALLAVOLO,Lombardia,LO,Lodi,CSI,CSI,CSI
"A.S.D. VALVOLLEY GARDONE, LUMEZZANE, VILLA",Lombardia,BS,Gardone Val Trompia,CSI,CSI,CSI
A.S.D. VEGA VOLLEY,Lombardia,BS,Poncarale,CSI,CSI,UISP CSI
A.S.D. VILLA VERUCCHIO VOLLEY,Emilia-Romagna,RN,Verucchio,PGS,PGS,PGS
A.S.D. VILLA ZACCHEO VOLLEY,Abruzzo,TE,Castellalto,CSI,CSI,CSI
A.S.D. VIVOVOLLEY,Umbria,PG,Perugia,CSI,CSI,CSI
A.S.D. VOLLEY 99 L'AQUILA,Abruzzo,AQ,L'Aquila,CSI,CSI,CSI
A.S.D. VOLLEY AGIRA,Sicilia,EN,Agira,CSI,CSI,CSI
A.S.D. VOLLEY BALL CLUB DRONERO DRAGONS,Piemonte,CN,Dronero,CSI,CSI,CSI
A.S.D. VOLLEY BALL SABAUDIA,Lazio,LT,Sabaudia,CSI,CSI,CSI
A.S.D. VOLLEY BASSO VICENTINO,Veneto,VI,Campiglia dei Berici,AICS,AICS,AICS
A.S.D. VOLLEY BEDIZZOLE,Lombardia,BS,Bedizzole,CSI,CSI,CSI
A.S.D. VOLLEY BELLINZAGO,Piemonte,NO,Bellinzago Novarese,CSI,CSI,CSI
A.S.D. VOLLEY CASTEL BOLOGNESE,Emilia-Romagna,RA,Castel Bolognese,CSI,CSI,CSI
A.S.D. VOLLEY CITRA,Basilicata,PZ,Maratea,CSI,CSI,CSI
A.S.D. VOLLEY COLOGNE,Lombardia,BS,Cologne,UISP,UISP,UISP
A.S.D. VOLLEY CORMANO,Lombardia,MI,Cormano,PGS,PGS,PGS
A.S.D. VOLLEY GATTINARA,Piemonte,VC,Gattinara,PGS,PGS,PGS
A.S.D. VOLLEY LALLIO 1996,Lombardia,BG,Lallio,CSI,CSI,CSI
A.S.D. VOLLEY LEONESSA LIBERTAS BRESCIA,Lombardia,BS,Brescia,UISP,UISP,UISP
A.S.D. VOLLEY MATERA,Basilicata,MT,Matera,CSI,CSI,CSI
A.S.D. VOLLEY PALERMO,Sicilia,PA,Palermo,CSI,CSI,CSI
A.S.D. VOLLEY PARENTI,Calabria,CS,Parenti,PGS,PGS,PGS
A.S.D. VOLLEY PENNE,Abruzzo,PE,Penne,CSEN,CSEN,CSEN
A.S.D. VOLLEY PRO ALBETTONE,Veneto,VI,Albettone,AICS,AICS,AICS
A.S.D. VOLLEY SALBORO,Veneto,PD,Padova,CSI,CSI,CSI
A.S.D. VOLLEY SAN GIOVANNI LUPATOTO,Veneto,VR,San Giovanni Lupatoto,CSI,CSI,CSI
A.S.D. VOLLEY SAN LUCIDO,Calabria,CS,San Lucido,CSI,CSI,CSI
A.S.D. VOLLEY SANTA VENERINA,Sicilia,CT,Santa Venerina,CSI,CSI,CSI
A.S.D. VOLLEY SCHOOL GENZANO,Lazio,RM,Genzano di Roma,UISP,UISP,UISP
A.S.D. VOLLEY SCHOOL SAN MARTINO TERNI,Umbria,TR,Terni,CSI,CSI,CSI
A.S.D. VOLLEY SPORT ALCAMO,Sicilia,TP,Alcamo,PGS,PGS,PGS
A.S.D. VOLLEY TEAM PIOLTELLO,Lombardia,MI,Pioltello,PGS,PGS,PGS
A.S.D. VOLLEY VALLEY,Emilia-Romagna,FC,Cesena,CSI,CSI,CSI
A.S.D. VOLLEY VISANO,Lombardia,BS,Visano,CSI,CSI,UISP CSI
A.S.D. VOLLEY'S EAGLES G. UNGARETTI,Puglia,BA,Bari,CSEN,CSEN,CSEN
A.S.D. VOLLEYBALL UNITED,Lombardia,BS,Rodengo Saiano,CSI,CSI,CSI
A.S.D. VOLLEYLAND ACI CASTELLO,Sicilia,CT,San Giovanni la Punta,CSI,CSI,CSI
A.S.D.ASOLO VOLLEY,Veneto,TV,Asolo,CSI,CSI,CSI
A.S.D.MONTEROSI VOLLEY,Lazio,VT,Monterosi,CSI,CSI,CSI
A.S.D.SANT'AMBROGIO VOLLEY FRANCO MESSORE,Lazio,FR,Sant'Ambrogio sul Garigliano,AICS,AICS,AICS
A.S.D.VOLLEY PISOGNE (EX NEW VOLLEY 2000),Lombardia,BS,Pisogne,CSI,CSI,CSI
A.S.D.VOLLEY SALUGGIA,Piemonte,VC,Saluggia,UISP,UISP,UISP
A.S.O. VOLLEY ASSOCIAZIONE SPORTIVA DILETTANTISTICA,Lombardia,CO,Alzate Brianza,CSI,CSI,CSI
ACCADEMIA DI PALLAVOLO VALLECAMONICA A.S.D.,Lombardia,BS,Bienno,CSI,CSI,CSI
ACSI AURORA VOLLEY ASD,Umbria,PG,Gualdo Cattaneo,CSI,CSI,CSI
ACTIVE BEACH VOLLEY SOCIETA' SPORTIVA DILETTANTISTICA A RESPONSABILITA' MILITATA,Emilia-Romagna,BO,Bologna,OPES,OPES,OPES
ALBARO VOLLEY ASSOCIAZIONE SPORTIVA DILETTANTISTICA,Liguria,GE,Genova,CSI,CSI,CSI
ALBATROS VOLLEY ASSOCIAZIONE SPORTIVA DILETTANTISTICA,Veneto,TV,Treviso,CSI,CSI,CSI
AMATEURSPORTVEREIN VOLLEYBALL TERLAN,Trentino-Alto Adige/Südtirol,BZ,Terlano/Terlan,CSI,CSI,CSI
AMATORI VOLLEY PONTOGLIO ASSOCIAZIONE SPORTIVA DILETTANTISTICA,Lombardia,BS,Pontoglio,CSI,CSI,CSI
AMICI VV.F. VOLLEY ASSOCIAZIONE SPORTIVA DILETTANTISTICA,Emilia-Romagna,RE,Reggio nell'Emilia,CSI,CSI,CSI
APPENNINO VOLLEY TEAM SOC.COOP SPORTIVA DILETTANTISTICA,Emilia-Romagna,RE,Toano,CSI,CSI,CSI
AQUILE VOLLEY PALERMO ASD,Sicilia,PA,Palermo,CSI,CSI,CSI
ARDOR 2K VOLLEY MARIANO ASSOCIAZIONE SPORTIVA DILETTANTISTICA,Lombardia,CO,Mariano Comense,PGS,PGS,PGS
ARDOR VOLLEY ACCADEMY D.F. ASD,Lombardia,MB,Giussano,PGS,PGS,PGS
AROUND VOLLEY ASSOCIAZIONE SPORTIVA DILETTANTISTICA,Sicilia,PA,Palermo,CSI,CSI,CSI
ARRONE PALLAVOLO A.S.D.,Umbria,TR,Arrone,CSI,CSI,CSI
AS.NE SP.VA DILET.CA E DI VOLONTARIATO TRIESTINA VOLLEY,Friuli-Venezia Giulia,TS,Trieste,UISP,UISP,UISP
ASD AMATORI VOLLEY ASSOCIAZIONE SPORTIVA DILETTANT,Veneto,VR,Sona,CSI,CSI,CSI
ASD AMATORI VOLLEY RIVAROLO,Liguria,GE,Genova,CSI,CSI,CSI
ASD ARBIZZANO VOLLEY,Veneto,VR,Negrar di Valpolicella,CSI,CSI,CSI
ASD BEACH & VOLLEY AMANTEA,Calabria,CS,Amantea,PGS,PGS,PGS
ASD BEACH & VOLLEY CREW AMATORIALE,Calabria,KR,Crotone,CSAIn,CSAIn,CSAIn
ASD BEACHVOLLEY&PADEL SUEDTIROL,Trentino-Alto Adige/Südtirol,BZ,Merano/Meran,FITP,FITP,FITP
ASD BOL VOLLEY,Emilia-Romagna,BO,Sasso Marconi,CSI,CSI,CSI
ASD CANAVESE VOLLEY,Piemonte,TO,Ivrea,UISP,UISP,UISP
ASD CHIARA DI IULIO VOLLEY ACADEMY,Marche,AP,Grottammare,CSI,CSI,CSI
ASD CHISOLA VOLLEY,Piemonte,TO,Candiolo,UISP,UISP,UISP
ASD COSMOS VOLLEY LATINA,Lazio,LT,Aprilia,CSI,CSI,CSI
ASD DCVA VOLLEY,Calabria,RC,Reggio di Calabria,PGS,PGS,PGS
ASD DEA VOLLEY - VIGGIANO,Basilicata,PZ,Viggiano,CSI,CSI,CSI
ASD DILETTANTISTICA DIAMOND ROMA PALLAVOLO,Lazio,RM,Roma,CSEN,CSEN,CSEN
ASD ENTELLA SITTING VOLLEY,Liguria,GE,Chiavari,CSI,CSI,CSI
ASD FELIX VOLLEY,Lombardia,MI,Cesano Boscone,CSI,CSI,CSI
ASD FLY VOLLEY,Sicilia,ME,Torrenova,PGS,PGS,PGS
ASD GROSSETO VOLLEY SCHOOL,Toscana,GR,Grosseto,CSEN,CSEN,CSEN
ASD GUPE VOLLEY CATANIA,Sicilia,CT,Pedara,CSI,CSI,CSI
ASD INTERMEDIA VOLLEY TEAM,Lombardia,MN,Castiglione delle Stiviere,CSI,CSI,CSI
ASD JOLANDA VOLLEY 2016,Emilia-Romagna,FE,Jolanda di Savoia,FIGC,Calcio,FIGC
ASD JUNIOR VOLLEY,Sardegna,SS,Sassari,ENDAS,ENDAS,ENDAS
ASD KIM VOLLEY PONTINIA POLISPORTIVA,Lazio,LT,Sabaudia,CSI,CSI,CSI
ASD LAGARIS VOLLEY,Trentino-Alto Adige/Südtirol,TN,Rovereto,CSI,CSI,CSI
ASD LASALLIANO VOLLEY TORINO,Piemonte,TO,Torino,UISP,UISP,UISP
ASD LIBELLULA VOLLEY ACADEMY BRA,Piemonte,CN,Bra,CNS_Libertas,CNS_Libertas,CNS_Libertas
ASD MEDITERRANEA VOLLEY SPOLTORE,Abruzzo,PE,Spoltore,CSEN,CSEN,CSEN
ASD MI3VOLLEY,Lombardia,MI,Basiglio,CSI,CSI,PGS CSI
ASD MURO VOLLEY,Basilicata,PZ,Muro Lucano,CSI,CSI,CSI
ASD NEW VOLLEY CARPIANO,Lombardia,MI,Carpiano,CSI,CSI,CSI
ASD NEW VOLLEY FUCECCHIO ASSOCIAZIONE SPORTIVA DILETTANTISTICA,Toscana,FI,Fucecchio,UISP,UISP,UISP
ASD OCCHIEPPESE PALLAVOLO,Piemonte,BI,Occhieppo Inferiore,PGS,PGS,PGS
ASD PALLAVOLO ALBAREDO,Veneto,VR,Albaredo d'Adige,CSI,CSI,CSI
ASD PALLAVOLO ARGENTA,Emilia-Romagna,FE,Argenta,CSI,CSI,CSI
ASD PALLAVOLO DELFINO PESCIA,Toscana,PT,Pescia,CSI,CSI,CSI
ASD PALLAVOLO FEMMINILE MODICA,Sicilia,RG,Modica,CSI,CSI,CSI
ASD PALLAVOLO LOCATE,Lombardia,MI,Locate di Triulzi,CSI,CSI,CSI
ASD PALLAVOLO S.ILARIO,Calabria,RC,Sant'Ilario dello Ionio,PGS,PGS,PGS
ASD PALLAVOLO VAILATE,Lombardia,CR,Vailate,CSI,CSI,CSI
ASD PANTHER VOLLEY,Lazio,LT,Latina,CSI,CSI,CSI
ASD PIU' VOLLEY BZ,Trentino-Alto Adige/Südtirol,BZ,Bolzano/Bozen,UISP,UISP,UISP
ASD PROGETTO VOLLEY LAINATE,Lombardia,MI,Pogliano Milanese,PGS,PGS,PGS
ASD REAL VOLLEY CONVERSANO,Puglia,BA,Conversano,CSEN,CSEN,CSEN
ASD REVOLUTION VOLLEY,Lazio,RM,Roma,UISP,UISP,UISP
ASD SAN FLORIANO VOLLEY LIBERTAS,Veneto,VR,San Pietro in Cariano,CSI,CSI,CSI
ASD SAN POLO VOLLEY,Emilia-Romagna,PR,Torrile,CSI,CSI,CSI
ASD SCUOLA DI PALLAVOLO CARASC,Liguria,GE,Carasco,CSI,CSI,CSI
ASD SICANIA VOLLEY CERENOVA,Lazio,RM,Fiumicino,OPES,OPES,OPES
ASD SIGILLO VOLLEY,Umbria,PG,Sigillo,CSI,CSI,CSI
ASD SPIKE VOLLEY SAN PIETRO,Puglia,BR,San Pietro Vernotico,CSI,CSI,CSI
ASD START VOLLEY CIVITAVECCHIA,Lazio,RM,Civitavecchia,OPES,OPES,OPES
ASD STELLA VOLLEY,Friuli-Venezia Giulia,UD,Rivignano Teor,CSI,CSI,CSI
ASD TOP VOLLEY LAMEZIA TERME,Calabria,CZ,Pianopoli,PGS,PGS,PGS
ASD VISETTE VOLLEY,Lombardia,MI,Settimo Milanese,PGS,PGS,PGS
ASD VOLLEY - LIFE ENERGY,Basilicata,PZ,Tolve,CSEN,CSEN,CSEN
ASD VOLLEY ACADEMY MANU BENELLI,Emilia-Romagna,RA,Ravenna,CSI,CSI,CSI
ASD VOLLEY ARLUNO,Lombardia,MI,Arluno,PGS,PGS,PGS
ASD VOLLEY BALL KERMES,Calabria,CS,Spezzano Albanese,PGS,PGS,PGS
ASD VOLLEY CELLOLE,Campania,CE,Cellole,OPES,OPES,OPES
ASD VOLLEY CLUB CASCINESE,Toscana,PI,Cascina,CSI,CSI,CSI UISP
ASD VOLLEY CRAL CARGILL CENESELLI,Veneto,RO,Castelmassa,UISP,UISP,UISP
ASD VOLLEY CUSAGO,Lombardia,MI,Cusago,PGS,PGS,PGS
ASD VOLLEY FOR ALL CAMPONOGARA,Veneto,VE,Camponogara,CSI,CSI,CSI
ASD VOLLEY LAB DE' SETTESOLI MARINO,Lazio,RM,Marino,UISP,UISP,UISP
ASD VOLLEY NIZZA,Sicilia,ME,Nizza di Sicilia,PGS,PGS,PGS
ASD VOLLEY PAGANI,Campania,SA,Pagani,CSI,CSI,CSI
ASD VOLLEY REVOLUTION,Toscana,AR,Sansepolcro,CSI,CSI,CSI
ASD VOLLEY ROERO,Piemonte,CN,Vezza d'Alba,CSI,CSI,CSI UISP
ASD VOLLEY TIME ROSARNO,Calabria,RC,Rosarno,ASC,ASC,ASC
ASD VOLLEY VERNIO,Toscana,PO,Vernio,UISP,UISP,UISP
ASD VOLLEY VIGEZZO,Piemonte,VB,Craveggia,CSI,CSI,CSI
ASD YES WE CAN VOLLEY,Basilicata,PZ,Potenza,CSI,CSI,CSI
ASD ZAFFERANA VOLLEY,Sicilia,CT,Zafferana Etnea,CSI,CSI,CSI
ASD ZERO90NOVE VOLLEY,Campania,NA,Napoli,UISP,UISP,UISP
ASPES VOLLEY ASD,Lombardia,MI,Milano,PGS,PGS,PGS
ASS. SP. DIL. VOLLEY TEAM ARMA TAGGIA,Liguria,IM,Taggia,CSI,CSI,CSI
ASS. SPORT. DILETT. P.G.S. GIOCAVOLLEY CIGLIANO,Piemonte,VC,Cigliano,UISP,UISP,UISP
ASS. SPORT. DILETTANTISTICA PEGOVOLLEY,Lombardia,MN,Pegognaga,CSI,CSI,CSI
ASS. SPORTIVA DILETTANTISTICA PALLAVOLO FILARETE,Lazio,RM,Roma,CSEN,CSEN,CSEN
ASS. SPORTIVA DILETTANTISTICA PALLAVOLO QUISTELLO,Lombardia,MN,Quistello,CSI,CSI,CSI
ASS. SPORTIVA DILETTANTISTICA PALLAVOLO VELLETRI,Lazio,RM,Velletri,UISP,UISP,UISP
ASS. SPORTIVA DILETTANTISTICA PONTERANICA PALLAVOLO,Lombardia,BG,Ponteranica,CSI,CSI,CSI
ASS. SPORTIVA DILETTANTISTICA VOLLEY CORREZZANA,Lombardia,MB,Correzzana,PGS,PGS,PGS
ASS.NE SPORT. DIL.STICA DINAMO PALLAVOLO BELLARIA IGEA MARIN,Emilia-Romagna,RN,Bellaria-Igea Marina,PGS,PGS,PGS
ASS.NE SPORTIVA DILETTANT. ROSTA VOLLEY TEAM,Emilia-Romagna,RE,Reggio nell'Emilia,CSI,CSI,CSI
"ASS.NE SPORTIVA DILETTANTISTICA "" ROSE VOLLEY ROMA """,Lazio,RM,Roma,UISP,UISP,UISP
ASS.SP.DIL. S.GIORGIO PALLAVOLO,Lazio,RM,Fiumicino,OPES,OPES,OPES
ASS.SP.DIL.GOLFO DI DIANA VOLLEY,Liguria,IM,Diano Marina,CSI,CSI,CSI
ASS.SPORTIVA DILETTANTISTICA O.S.T. VOLLEY,Lombardia,MI,Dairago,PGS,PGS,PGS
ASS.SPORTIVA DILETTANTISTICA VOLLEY BAREGGIO,Lombardia,MI,Bareggio,PGS,PGS,PGS
ASSICIAZIONE SPORTIVA DILETTANTISTICA CASELLE VOLLEY,Piemonte,TO,Caselle Torinese,UISP,UISP,UISP
ASSITEC VOLLEYBALL SOCIETA' SPORTIVA DILETTANTISTICA A RESPOSABILITA' LIMITATA,Lazio,FR,Sant'Elia Fiumerapido,US_ACLI,US_ACLI,US_ACLI
ASSOC. SPORTIVA DILETTANTISTICA SCUOLA VOLLEY PISTICCIMARCONIA,Basilicata,MT,Pisticci,CSI,CSI,CSI
ASSOC.NE SPORTIVA PALLAVOLO MISTERBIANCO-DILETTANTISTICA,Sicilia,CT,Misterbianco,CSI,CSI,CSI
ASSOC.SPOR.DILETT.VOLLEY WORLD NAPOLI,Campania,NA,Napoli,CSI,CSI,CSI
ASSOC.SPORT.DILETT. 2D LINGOTT O VOLLEY,Piemonte,TO,Torino,UISP,UISP,UISP
ASSOC.SPORT.DILETT. ADRIA VOLLEY,Veneto,RO,Adria,CSI,CSI,CSI
ASSOC.SPORT.DILETT.CENTRO PALLAVOLO 27 U.S.S.P.,Lombardia,BG,San Pellegrino Terme,CSI,CSI,CSI
ASSOC.SPORTIVA DILETT.VOLLEY CALUSO 2010,Piemonte,TO,Caluso,UISP,UISP,UISP
ASSOC.SPORTIVA DILETTANTISTICA'VOLLEY CITTA DI FICARAZZI',Sicilia,PA,Ficarazzi,CSI,CSI,CSI
ASSOCIAZ.SPORTIVA SCUOLA & VOLLEY,Puglia,BA,Altamura,CSEN,CSEN,CSEN
ASSOCIAZIOEN SPORTIVA DILETTANTISTICA TERRA DEI CASTELLI VOLLEY,Marche,AN,Agugliano,CSI,CSI,CSI
ASSOCIAZIONE DILETTANTISTICA BZZ PIOSSASCO VOLLEY,Piemonte,TO,Piossasco,UISP,UISP,UISP
ASSOCIAZIONE DILETTANTISTICA COSIO VOLLEY,Lombardia,SO,Cosio Valtellino,PGS,PGS,PGS
ASSOCIAZIONE DILETTANTISTICA M.T.S. SANTENA VOLLEY ACADEMY,Piemonte,TO,Santena,UISP,UISP,UISP
ASSOCIAZIONE DILETTANTISTICA NEW VOLLEY RIPALTA,Lombardia,CR,Ripalta Cremasca,CSI,CSI,CSI
ASSOCIAZIONE DILETTANTISTICA PALLAVOLO C9 ARCO-RIVA,Trentino-Alto Adige/Südtirol,TN,Arco,CSI,CSI,CSI
ASSOCIAZIONE DILETTANTISTICA PALLAVOLO CAVEZZO,Emilia-Romagna,MO,Cavezzo,CSI,CSI,CSI
ASSOCIAZIONE DILETTANTISTICA PALLAVOLO CERVERE,Piemonte,CN,Cervere,CSI,CSI,CSI
ASSOCIAZIONE DILETTANTISTICA PALLAVOLO LAIVES,Trentino-Alto Adige/Südtirol,BZ,Laives/Leifers,CSI,CSI,CSI
ASSOCIAZIONE DILETTANTISTICA PALLAVOLO POLISPORTIVA ERBESSO,Sicilia,SR,Sortino,CSI,CSI,CSI
ASSOCIAZIONE DILETTANTISTICA PALLAVOLO VALLI DI LANZO,Piemonte,TO,Ciriè,UISP,UISP,UISP
ASSOCIAZIONE DILETTANTISTICA SAN GIORGIO VOLLEY,Piemonte,TO,Chieri,UISP,UISP,UISP
ASSOCIAZIONE DILETTANTISTICA VOLLEY BIASSONO,Lombardia,MB,Biassono,PGS,PGS,PGS
ASSOCIAZIONE DILETTANTISTICA VOLLEY CODOGNO 2002,Lombardia,LO,Codogno,CSI,CSI,CSI
ASSOCIAZIONE DILETTANTISTICA VOLLEY SESTRI LEVANTE,Liguria,GE,Sestri Levante,CSI,CSI,CSI
ASSOCIAZIONE DILETTANTISTICA VOLLEY SPOLETO,Umbria,PG,Spoleto,CSI,CSI,CSI
ASSOCIAZIONE DILETTENTISTICA VOLLEY AZZANO,Lombardia,BG,Azzano San Paolo,CSI,CSI,CSI
ASSOCIAZIONE PALLAVOLO SPINEA,Veneto,VE,Spinea,CSI,CSI,CSI
ASSOCIAZIONE POLISPORTIVA DILETTANTISTICA PVM VOLLEY FIESOLE,Toscana,FI,Fiesole,UISP,UISP,UISP
ASSOCIAZIONE POLISPORTIVA DILETTANTISTICA VOLLEY FORMELLO ROBERTO ROSSELLINI,Lazio,RM,Formello,CSI,CSI,CSI
ASSOCIAZIONE SD VOLLEY CLUB AVOLA,Sicilia,SR,Avola,CSI,CSI,CSI
ASSOCIAZIONE SPORTIVA ARABONA VOLLEY,Abruzzo,PE,Manoppello,UISP,UISP,UISP
ASSOCIAZIONE SPORTIVA DILETT. PALLAVOLO NOTTOLINI CAPANNORI,Toscana,LU,Capannori,CSI,CSI,CSI
"ASSOCIAZIONE SPORTIVA DILETTAN TISTICA ""SM VOLLEY""",Umbria,PG,Corciano,CSI,CSI,CSI
"ASSOCIAZIONE SPORTIVA DILETTAN TISTICA ASD ""COPPARO VOLLEY""",Emilia-Romagna,FE,Copparo,UISP,UISP,UISP
ASSOCIAZIONE SPORTIVA DILETTAN TISTICA IMPERIAL VOLLEY,Puglia,BR,Francavilla Fontana,CSI,CSI,CSI
ASSOCIAZIONE SPORTIVA DILETTAN TISTICA MARTINENGO VOLLEY,Lombardia,BG,Martinengo,CSI,CSI,CSI
ASSOCIAZIONE SPORTIVA DILETTANTISCA NJOY VOLLEY,Lombardia,MI,Sedriano,PGS,PGS,PGS
ASSOCIAZIONE SPORTIVA DILETTANTISTICA ''A.S. FOSSATO VOLLEY'',Umbria,PG,Fossato di Vico,CSI,CSI,CSI
ASSOCIAZIONE SPORTIVA DILETTANTISTICA 'PALLAVOLO 1986',Marche,AP,Ascoli Piceno,US_ACLI,US_ACLI,US_ACLI
"ASSOCIAZIONE SPORTIVA DILETTANTISTICA "" A.S.D. ONLY VOLLEY """,Lombardia,BS,Brescia,UISP,UISP,UISP
"ASSOCIAZIONE SPORTIVA DILETTANTISTICA "" MONZA VOLLEY""",Lombardia,MB,Monza,PGS,PGS,PGS
"ASSOCIAZIONE SPORTIVA DILETTANTISTICA ""ALBATROS VOLLEY F.I.""",Calabria,RC,Reggio di Calabria,PGS,PGS,PGS
"ASSOCIAZIONE SPORTIVA DILETTANTISTICA ""ALPINI VOLLEY""",Emilia-Romagna,PR,Parma,CSEN,CSEN,CSEN
"ASSOCIAZIONE SPORTIVA DILETTANTISTICA ""JOLLY VOLLEY """,Lazio,RM,Roma,UISP,UISP,UISP
"ASSOCIAZIONE SPORTIVA DILETTANTISTICA ""SAN GIUSEPPE VOLLEY""",Campania,NA,San Giuseppe Vesuviano,CSI,CSI,CSI
"ASSOCIAZIONE SPORTIVA DILETTANTISTICA ""VOLLEY ROCCA""",Abruzzo,CH,Roccaspinalveti,CSEN,CSEN,CSEN
ASSOCIAZIONE SPORTIVA DILETTANTISTICA A.S.D. PALLAVOLO VIZZINI 24,Sicilia,CT,Vizzini,CSI,CSI,CSI
ASSOCIAZIONE SPORTIVA DILETTANTISTICA ACERBOLI VOLLEY SANTARCANGELO,Emilia-Romagna,RN,Santarcangelo di Romagna,CSI,CSI,CSI
ASSOCIAZIONE SPORTIVA DILETTANTISTICA ALBENGA VOLLEY,Liguria,SV,Albenga,CSI,CSI,CSI
ASSOCIAZIONE SPORTIVA DILETTANTISTICA ALBIGNASEGO VOLLEY,Veneto,PD,Albignasego,CSI,CSI,CSI
ASSOCIAZIONE SPORTIVA DILETTANTISTICA ALL VOLLEY,Lazio,RM,Roma,CSI,CSI,CSI
ASSOCIAZIONE SPORTIVA DILETTANTISTICA ALTO GARDA VOLLEY,Lombardia,BS,Gargnano,PGS,PGS,PGS
ASSOCIAZIONE SPORTIVA DILETTANTISTICA AMAVOLLEY BITONTO,Puglia,BA,Bitonto,UISP,UISP,UISP CSEN
ASSOCIAZIONE SPORTIVA DILETTANTISTICA ANTONIANA VOLLEY,Abruzzo,PE,Pescara,CSEN,CSEN,CSEN
ASSOCIAZIONE SPORTIVA DILETTANTISTICA ASD TRE CORONE VOLLEY,Veneto,VE,Mira,UISP,UISP,UISP
ASSOCIAZIONE SPORTIVA DILETTANTISTICA ASSOCIAZIONE PALLAVOLO AJACE,Veneto,VR,Lavagno,AICS,AICS,AICS
ASSOCIAZIONE SPORTIVA DILETTANTISTICA AURELIO VOLLEY S.G.,Lazio,RM,Roma,PGS,PGS,PGS OPES
ASSOCIAZIONE SPORTIVA DILETTANTISTICA B.L.S. VOLLEY,Marche,MC,Macerata,CSI,CSI,CSI
ASSOCIAZIONE SPORTIVA DILETTANTISTICA BASIGLIO VOLLEY MI3,Lombardia,MI,Basiglio,ASC,ASC,ASC
ASSOCIAZIONE SPORTIVA DILETTANTISTICA BASILISCO VOLLEY,Trentino-Alto Adige/Südtirol,TN,Mezzocorona,CSI,CSI,CSI
ASSOCIAZIONE SPORTIVA DILETTANTISTICA BEACH VOLLEY SCHOOL ANCONA,Marche,AN,Ancona,OPES,OPES,OPES
ASSOCIAZIONE SPORTIVA DILETTANTISTICA BEACH VOLLEY TRAINING,Piemonte,TO,Beinasco,OPES,OPES,OPES
ASSOCIAZIONE SPORTIVA DILETTANTISTICA BIANVOLLEY,Trentino-Alto Adige/Südtirol,TN,Albiano,US_ACLI,US_ACLI,US_ACLI
ASSOCIAZIONE SPORTIVA DILETTANTISTICA BISENZIO VOLLEY,Toscana,FI,Campi Bisenzio,UISP,UISP,UISP
ASSOCIAZIONE SPORTIVA DILETTANTISTICA CARRARESE VOLLEY,Toscana,MS,Carrara,CSI,CSI,CSI
ASSOCIAZIONE SPORTIVA DILETTANTISTICA CASTEL SAN GIORGIO VOLLEY,Campania,SA,Castel San Giorgio,CSI,CSI,CSI
ASSOCIAZIONE SPORTIVA DILETTANTISTICA CASTIGLIONE VOLLEY,Lombardia,VA,Castiglione Olona,PGS,PGS,PGS
ASSOCIAZIONE SPORTIVA DILETTANTISTICA CELLE VARAZZE VOLLEY,Liguria,SV,Varazze,CSI,CSI,CSI
ASSOCIAZIONE SPORTIVA DILETTANTISTICA CESANO VOLLEY CLUB,Lombardia,MI,Cesano Boscone,CSI,CSI,CSI
ASSOCIAZIONE SPORTIVA DILETTANTISTICA COLLECORVINO VOLLEY,Abruzzo,PE,Collecorvino,CSEN,CSEN,CSEN
ASSOCIAZIONE SPORTIVA DILETTANTISTICA CORTINE VOLLEY,Lombardia,BS,Nave,CSI,CSI,CSI
ASSOCIAZIONE SPORTIVA DILETTANTISTICA CULTURALE PALLAVOLO TORINO,Piemonte,TO,Moncalieri,UISP,UISP,UISP
ASSOCIAZIONE SPORTIVA DILETTANTISTICA D.S.T. VOLLEY '89,Lombardia,MI,Turbigo,PGS,PGS,PGS
ASSOCIAZIONE SPORTIVA DILETTANTISTICA DE GIORGI VOLLEY,Puglia,LE,Squinzano,CSI,CSI,CSI
ASSOCIAZIONE SPORTIVA DILETTANTISTICA DEPORTIVO SAN FELICE - CALCIO PALLAVOLO CALCIO A 5,Toscana,PI,Peccioli,UISP,UISP,UISP
ASSOCIAZIONE SPORTIVA DILETTANTISTICA DOC VOLLEY,Veneto,PN,Pramaggiore,AICS,AICS,AICS
ASSOCIAZIONE SPORTIVA DILETTANTISTICA DREAM VOLLEY,Campania,CE,San Cipriano d'Aversa,CSI,CSI,CSI
ASSOCIAZIONE SPORTIVA DILETTANTISTICA ENERGY VOLLEY,Emilia-Romagna,PR,Parma,CSI,CSI,CSI
ASSOCIAZIONE SPORTIVA DILETTANTISTICA EVANCON VOLLEY A.S.D.,Valle d'Aosta/Vallée d'Aoste,AO,Issogne,UISP,UISP,UISP
ASSOCIAZIONE SPORTIVA DILETTANTISTICA FENUSMA VOLLEY,Valle d'Aosta/Vallée d'Aoste,AO,Nus,UISP,UISP,UISP
ASSOCIAZIONE SPORTIVA DILETTANTISTICA FONTE ROMA VOLLEY,Lazio,RM,Roma,UISP,UISP,UISP
ASSOCIAZIONE SPORTIVA DILETTANTISTICA G.S. FOSSOMBRONE VOLLEY,Marche,PU,Fossombrone,CSI,CSI,CSI
ASSOCIAZIONE SPORTIVA DILETTANTISTICA GIRO VOLLEY,Lazio,RM,Roma,UISP,UISP,UISP
ASSOCIAZIONE SPORTIVA DILETTANTISTICA GIUGLIANO VOLLEY,Campania,NA,Giugliano in Campania,CSI,CSI,CSI
ASSOCIAZIONE SPORTIVA DILETTANTISTICA GRAN VOLLEY,Emilia-Romagna,BO,Bologna,AICS,AICS,AICS
ASSOCIAZIONE SPORTIVA DILETTANTISTICA GREEN VOLLEY,Toscana,AR,Bucine,UISP,UISP,UISP
ASSOCIAZIONE SPORTIVA DILETTANTISTICA GRUPPO PALLAVOLO NESPOLEDO,Friuli-Venezia Giulia,UD,Lestizza,CSI,CSI,CSI
ASSOCIAZIONE SPORTIVA DILETTANTISTICA GRUPPO SPORTIVO PESCARA VOLLEY,Abruzzo,PE,Pescara,CSEN,CSEN,CSEN
ASSOCIAZIONE SPORTIVA DILETTANTISTICA I CANARINI VOLLEY,Toscana,FI,Bagno a Ripoli,UISP,UISP,UISP
ASSOCIAZIONE SPORTIVA DILETTANTISTICA INVICTA ROMA VOLLEY,Lazio,RM,Roma,CSEN,CSEN,CSEN
ASSOCIAZIONE SPORTIVA DILETTANTISTICA JOVY VOLLEY,Emilia-Romagna,RE,Gattatico,CSI,CSI,CSI
ASSOCIAZIONE SPORTIVA DILETTANTISTICA LA BANZI DEL VOLLEY,Basilicata,PZ,Banzi,OPES,OPES,OPES
ASSOCIAZIONE SPORTIVA DILETTANTISTICA LEINI VOLLEY BALL CLUB,Piemonte,TO,Leini,UISP,UISP,UISP
ASSOCIAZIONE SPORTIVA DILETTANTISTICA M.D. VOLLEY LA VETTA,Piemonte,BI,Mongrando,CSI,CSI,CSI
ASSOCIAZIONE SPORTIVA DILETTANTISTICA MARINEO VOLLEY,Sicilia,PA,Marineo,CSI,CSI,PGS CSI
ASSOCIAZIONE SPORTIVA DILETTANTISTICA MARTINA VOLLEY,Puglia,TA,Martina Franca,CSI,CSI,CSI
ASSOCIAZIONE SPORTIVA DILETTANTISTICA MARTINSICURO VOLLEY,Abruzzo,TE,Martinsicuro,CSI,CSI,CSI
ASSOCIAZIONE SPORTIVA DILETTANTISTICA MERATE SEZ. PALLAVOLO,Lombardia,LC,Merate,PGS,PGS,PGS
ASSOCIAZIONE SPORTIVA DILETTANTISTICA MIANE VOLLEY,Veneto,TV,Miane,CSI,CSI,CSI
ASSOCIAZIONE SPORTIVA DILETTANTISTICA MISE VOLLEY MASSA,Toscana,MS,Massa,CSI,CSI,CSI
ASSOCIAZIONE SPORTIVA DILETTANTISTICA MOLINARI VOLLEY PONTICELLI,Campania,NA,Napoli,ASC,ASC,ASC
ASSOCIAZIONE SPORTIVA DILETTANTISTICA MONDELLO VOLLEY,Sicilia,PA,Palermo,PGS,PGS,PGS
ASSOCIAZIONE SPORTIVA DILETTANTISTICA MONTEVOLLEY,Veneto,VI,Monteviale,AICS,AICS,AICS ASC
ASSOCIAZIONE SPORTIVA DILETTANTISTICA MUGELLO VOLLEY,Toscana,FI,Borgo San Lorenzo,UISP,UISP,UISP
ASSOCIAZIONE SPORTIVA DILETTANTISTICA NEW VOLLEY ADDA,Lombardia,MI,Cassano d'Adda,PGS,PGS,PGS
ASSOCIAZIONE SPORTIVA DILETTANTISTICA NEW VOLLEY RANICA,Lombardia,BG,Ranica,CSI,CSI,CSI
ASSOCIAZIONE SPORTIVA DILETTANTISTICA NEW VOLLEY REZZATO,Lombardia,BS,Rezzato,UISP,UISP,UISP
ASSOCIAZIONE SPORTIVA DILETTANTISTICA NICHELINO VOLLEY-ASD,Piemonte,TO,Nichelino,UISP,UISP,UISP
ASSOCIAZIONE SPORTIVA DILETTANTISTICA NONSOLOVOLLEY,Emilia-Romagna,MO,Carpi,CSI,CSI,CSI
ASSOCIAZIONE SPORTIVA DILETTANTISTICA NOVA VOLLEY GROSSETO,Toscana,GR,Grosseto,CSI,CSI,CSI
ASSOCIAZIONE SPORTIVA DILETTANTISTICA NUOVA PALLAVOLO MARATEA,Basilicata,PZ,Maratea,CSI,CSI,CSI
ASSOCIAZIONE SPORTIVA DILETTANTISTICA NUOVA SONDRIO SPORTIVA VOLLEY,Lombardia,SO,Sondrio,CSI,CSI,PGS CSI
ASSOCIAZIONE SPORTIVA DILETTANTISTICA NUOVA VOLLEY,Lazio,RM,Roma,OPES,OPES,OPES
ASSOCIAZIONE SPORTIVA DILETTANTISTICA O.S.G.B. VOLLEY,Emilia-Romagna,RE,Campagnola Emilia,CSI,CSI,CSI
ASSOCIAZIONE SPORTIVA DILETTANTISTICA O.S.L. VOLLEY,Lombardia,MI,Garbagnate Milanese,PGS,PGS,PGS
ASSOCIAZIONE SPORTIVA DILETTANTISTICA OLIMPIA S.MARTINO PALLAVOLO,Lombardia,CO,Cadorago,CSI,CSI,CSI
ASSOCIAZIONE SPORTIVA DILETTANTISTICA P.G.S. PALLAVOLO SENAGO,Lombardia,MI,Senago,PGS,PGS,PGS
ASSOCIAZIONE SPORTIVA DILETTANTISTICA PADULI VOLLEY 2006,Campania,BN,Paduli,CSEN,CSEN,CSEN
ASSOCIAZIONE SPORTIVA DILETTANTISTICA PALLAVOLO ALFONSINE,Emilia-Romagna,RA,Alfonsine,CSI,CSI,CSI
ASSOCIAZIONE SPORTIVA DILETTANTISTICA PALLAVOLO AUGUSTA,Sicilia,SR,Augusta,CSI,CSI,CSI
ASSOCIAZIONE SPORTIVA DILETTANTISTICA PALLAVOLO AVIGLIANA,Piemonte,TO,Avigliana,UISP,UISP,UISP
ASSOCIAZIONE SPORTIVA DILETTANTISTICA PALLAVOLO CALTAGIRONE,Sicilia,CT,Caltagirone,CSI,CSI,CSI
ASSOCIAZIONE SPORTIVA DILETTANTISTICA PALLAVOLO CUNEO,Piemonte,CN,Cuneo,CSI,CSI,CSI
ASSOCIAZIONE SPORTIVA DILETTANTISTICA PALLAVOLO DON BOSCO LA SPEZIA,Liguria,SP,La Spezia,UISP,UISP,UISP
ASSOCIAZIONE SPORTIVA DILETTANTISTICA PALLAVOLO FAEDIS,Friuli-Venezia Giulia,UD,Faedis,CSI,CSI,CSI
ASSOCIAZIONE SPORTIVA DILETTANTISTICA PALLAVOLO FAENZA,Emilia-Romagna,RA,Faenza,CSI,CSI,CSEN CSI
ASSOCIAZIONE SPORTIVA DILETTANTISTICA PALLAVOLO FULGOR 86,Lombardia,MI,Garbagnate Milanese,PGS,PGS,PGS
ASSOCIAZIONE SPORTIVA DILETTANTISTICA PALLAVOLO GORLE,Lombardia,BG,Gorle,CSI,CSI,CSI
ASSOCIAZIONE SPORTIVA DILETTANTISTICA PALLAVOLO PINE',Trentino-Alto Adige/Südtirol,TN,Baselga di Pinè,CSI,CSI,CSI
ASSOCIAZIONE SPORTIVA DILETTANTISTICA PALLAVOLO RHO,Lombardia,MI,Rho,PGS,PGS,PGS
ASSOCIAZIONE SPORTIVA DILETTANTISTICA PALLAVOLO SALO',Lombardia,BS,Salò,CSI,CSI,CSI
ASSOCIAZIONE SPORTIVA DILETTANTISTICA PALLAVOLO SALVE,Puglia,LE,Salve,CSI,CSI,CSI
ASSOCIAZIONE SPORTIVA DILETTANTISTICA PALLAVOLO VALLE BELBO,Piemonte,AT,Canelli,CSI,CSI,CSI
ASSOCIAZIONE SPORTIVA DILETTANTISTICA PALLAVOLO VCO ALTIORA,Piemonte,VB,Verbania,CSI,CSI,CSI
ASSOCIAZIONE SPORTIVA DILETTANTISTICA PANDINO VOLLEY,Lombardia,CR,Pandino,CSI,CSI,CSI
ASSOCIAZIONE SPORTIVA DILETTANTISTICA PAPIRO VOLLEY,Sicilia,CT,Fiumefreddo di Sicilia,AICS,AICS,AICS
ASSOCIAZIONE SPORTIVA DILETTANTISTICA PERGINE VOLLEY,Trentino-Alto Adige/Südtirol,TN,Pergine Valsugana,CSI,CSI,CSI
ASSOCIAZIONE SPORTIVA DILETTANTISTICA PIANETA VOLLEY,Campania,SA,Nocera Superiore,CSI,CSI,CSI
ASSOCIAZIONE SPORTIVA DILETTANTISTICA PLAYVOLLEY BELLANTE,Abruzzo,TE,Bellante,CSI,CSI,CSI
ASSOCIAZIONE SPORTIVA DILETTANTISTICA POLISPORTIVA BOLTIERE SEZIONE PALLAVOLO,Lombardia,BG,Boltiere,CSI,CSI,CSI
ASSOCIAZIONE SPORTIVA DILETTANTISTICA POLISPORTIVA VOLLEY CAZZANO,Lombardia,BG,Cazzano Sant'Andrea,CSI,CSI,CSI
ASSOCIAZIONE SPORTIVA DILETTANTISTICA PRO PATRIA VOLLEY MILANO,Lombardia,MI,Milano,PGS,PGS,PGS
ASSOCIAZIONE SPORTIVA DILETTANTISTICA PROGETTO VOLLEY,Sicilia,TP,Marsala,CSI,CSI,CSI
ASSOCIAZIONE SPORTIVA DILETTANTISTICA PROGETTO VOLLEY SANT'AGATA,Sicilia,ME,Sant'Agata di Militello,PGS,PGS,PGS
ASSOCIAZIONE SPORTIVA DILETTANTISTICA PUMA VOLLEY MACERATA,Marche,MC,Macerata,CSI,CSI,CSI
ASSOCIAZIONE SPORTIVA DILETTANTISTICA RARA AVIS VOLLEY,Campania,NA,Caivano,CSI,CSI,CSI
ASSOCIAZIONE SPORTIVA DILETTANTISTICA RIO SALICETO VOLLEY,Emilia-Romagna,RE,Rio Saliceto,CSI,CSI,CSI
ASSOCIAZIONE SPORTIVA DILETTANTISTICA RO.VA.VOLLEY PALAGONIA,Sicilia,CT,Palagonia,PGS,PGS,PGS
ASSOCIAZIONE SPORTIVA DILETTANTISTICA ROMANO VOLLEY,Lombardia,BG,Romano di Lombardia,CSI,CSI,CSI
ASSOCIAZIONE SPORTIVA DILETTANTISTICA SAMPOLESE BASKET & VOLLEY,Emilia-Romagna,RE,San Polo d'Enza,FIP,Basket,FIP UISP
ASSOCIAZIONE SPORTIVA DILETTANTISTICA SAN BENIGNO VOLLEY,Piemonte,TO,San Benigno Canavese,UISP,UISP,UISP
ASSOCIAZIONE SPORTIVA DILETTANTISTICA SAN FELICIANO VOLLEY,Umbria,PG,Magione,CSI,CSI,CSI
ASSOCIAZIONE SPORTIVA DILETTANTISTICA SAN PIO X PALLAVOLO,Liguria,SV,Loano,CSI,CSI,CSI
ASSOCIAZIONE SPORTIVA DILETTANTISTICA SAN VALENTINO VOLLEY,Puglia,BT,Andria,CSI,CSI,CSI
ASSOCIAZIONE SPORTIVA DILETTANTISTICA SAVINVOLLEY,Piemonte,CN,Savigliano,CSI,CSI,CSI
ASSOCIAZIONE SPORTIVA DILETTANTISTICA SHOOTING VOLLEYBALL,Friuli-Venezia Giulia,PN,Pordenone,AICS,AICS,AICS
ASSOCIAZIONE SPORTIVA DILETTANTISTICA SICMA VOLLEY,Calabria,CZ,Curinga,PGS,PGS,PGS
ASSOCIAZIONE SPORTIVA DILETTANTISTICA SORSO VOLLEY,Sardegna,SS,Sorso,ENDAS,ENDAS,ENDAS
ASSOCIAZIONE SPORTIVA DILETTANTISTICA SPELLO VOLLEY,Umbria,PG,Spello,CSI,CSI,CSI
ASSOCIAZIONE SPORTIVA DILETTANTISTICA STELLA RIVOLI VOLLEY,Piemonte,TO,Rivoli,UISP,UISP,UISP
ASSOCIAZIONE SPORTIVA DILETTANTISTICA STORDITI VOLLEY TEAM,Toscana,LU,Lucca,CSI,CSI,CSI
ASSOCIAZIONE SPORTIVA DILETTANTISTICA TEAM VOLLEY TORRE,Puglia,BR,Torre Santa Susanna,CSI,CSI,CSI
ASSOCIAZIONE SPORTIVA DILETTANTISTICA TEAM VOLLEY WORLD,Campania,NA,Napoli,CSI,CSI,CSI
ASSOCIAZIONE SPORTIVA DILETTANTISTICA TRIS VOLLEY,Marche,AN,Agugliano,CSI,CSI,CSI
ASSOCIAZIONE SPORTIVA DILETTANTISTICA USMATE VOLLEY,Lombardia,MB,Usmate Velate,CSI,CSI,CSI
ASSOCIAZIONE SPORTIVA DILETTANTISTICA V.T.V. VOLLEY,Veneto,TV,Vazzola,CSI,CSI,CSI
ASSOCIAZIONE SPORTIVA DILETTANTISTICA VBC PALLAVOLO BAGNOLO,Lombardia,CR,Bagnolo Cremasco,CSI,CSI,CSI
ASSOCIAZIONE SPORTIVA DILETTANTISTICA VIGEVANO VOLLEY,Lombardia,PV,Vigevano,CSI,CSI,CSI
ASSOCIAZIONE SPORTIVA DILETTANTISTICA VILLANOVA VOLLEY,Emilia-Romagna,BO,Castenaso,CSI,CSI,UISP CSI
ASSOCIAZIONE SPORTIVA DILETTANTISTICA VILLANOVA VOLLEY BALL,Piemonte,CN,Villanova Mondovì,CSI,CSI,CSI
ASSOCIAZIONE SPORTIVA DILETTANTISTICA VIRTUS VOLLEY FONTANAFREDDA,Friuli-Venezia Giulia,PN,Fontanafredda,AICS,AICS,AICS
ASSOCIAZIONE SPORTIVA DILETTANTISTICA VOLLEY AGEROLA,Campania,NA,Agerola,CSI,CSI,CSI
ASSOCIAZIONE SPORTIVA DILETTANTISTICA VOLLEY AGLIANESE,Toscana,PT,Agliana,UISP,UISP,UISP
ASSOCIAZIONE SPORTIVA DILETTANTISTICA VOLLEY AND,Lazio,RM,Roma,UISP,UISP,UISP
ASSOCIAZIONE SPORTIVA DILETTANTISTICA VOLLEY AREZZO,Toscana,AR,Arezzo,UISP,UISP,UISP
ASSOCIAZIONE SPORTIVA DILETTANTISTICA VOLLEY BIANCO BOVALINO,Calabria,RC,Bovalino,PGS,PGS,PGS
ASSOCIAZIONE SPORTIVA DILETTANTISTICA VOLLEY CASSANO,Puglia,BA,Cassano delle Murge,CSEN,CSEN,CSEN
ASSOCIAZIONE SPORTIVA DILETTANTISTICA VOLLEY CECINA,Toscana,LI,Cecina,CSI,CSI,CSI
ASSOCIAZIONE SPORTIVA DILETTANTISTICA VOLLEY CENATE SOTTO 2025,Lombardia,BG,Cenate Sotto,CSI,CSI,CSI
ASSOCIAZIONE SPORTIVA DILETTANTISTICA VOLLEY CHIUSA PESIO,Piemonte,CN,Chiusa di Pesio,CSI,CSI,CSI
ASSOCIAZIONE SPORTIVA DILETTANTISTICA VOLLEY CLUB TORINO,Piemonte,TO,Torino,UISP,UISP,UISP
ASSOCIAZIONE SPORTIVA DILETTANTISTICA VOLLEY CONTROMANO,Friuli-Venezia Giulia,PN,Fontanafredda,AICS,AICS,AICS
ASSOCIAZIONE SPORTIVA DILETTANTISTICA VOLLEY CORMOR,Friuli-Venezia Giulia,UD,Udine,CSI,CSI,CSI
ASSOCIAZIONE SPORTIVA DILETTANTISTICA VOLLEY COSTA CDM,Lombardia,BG,Ghisalba,CSI,CSI,CSI
ASSOCIAZIONE SPORTIVA DILETTANTISTICA VOLLEY HEART,Sicilia,AG,Agrigento,CSI,CSI,CSI
ASSOCIAZIONE SPORTIVA DILETTANTISTICA VOLLEY IN FIVE,Lazio,RM,Roma,UISP,UISP,UISP
ASSOCIAZIONE SPORTIVA DILETTANTISTICA VOLLEY LADISPOLI,Lazio,RM,Ladispoli,OPES,OPES,OPES
ASSOCIAZIONE SPORTIVA DILETTANTISTICA VOLLEY LAMPORECCHIO,Toscana,PT,Lamporecchio,UISP,UISP,UISP
ASSOCIAZIONE SPORTIVA DILETTANTISTICA VOLLEY LIFE,Emilia-Romagna,BO,Bologna,UISP,UISP,UISP
ASSOCIAZIONE SPORTIVA DILETTANTISTICA VOLLEY LUGO,Emilia-Romagna,RA,Lugo,CSI,CSI,CSI
ASSOCIAZIONE SPORTIVA DILETTANTISTICA VOLLEY LURANO '95,Lombardia,BG,Lurano,CSI,CSI,CSI
ASSOCIAZIONE SPORTIVA DILETTANTISTICA VOLLEY MARENO,Veneto,TV,Mareno di Piave,CSI,CSI,CSI
ASSOCIAZIONE SPORTIVA DILETTANTISTICA VOLLEY MONTANARO,Piemonte,TO,Montanaro,UISP,UISP,UISP
ASSOCIAZIONE SPORTIVA DILETTANTISTICA VOLLEY OSPITALETTO,Lombardia,BS,Ospitaletto,CSI,CSI,CSI
ASSOCIAZIONE SPORTIVA DILETTANTISTICA VOLLEY PIAVE,Veneto,TV,Farra di Soligo,CSI,CSI,CSI
ASSOCIAZIONE SPORTIVA DILETTANTISTICA VOLLEY POMEZIA,Lazio,RM,Pomezia,OPES,OPES,OPES
ASSOCIAZIONE SPORTIVA DILETTANTISTICA VOLLEY PREALPINO,Lombardia,BS,Brescia,CSI,CSI,CSI
ASSOCIAZIONE SPORTIVA DILETTANTISTICA VOLLEY RIVIERA DELLE ALPI,Valle d'Aosta/Vallée d'Aoste,AO,Saint-Vincent,UISP,UISP,UISP
ASSOCIAZIONE SPORTIVA DILETTANTISTICA VOLLEY ROSA',Veneto,VI,Rosà,AICS,AICS,AICS
ASSOCIAZIONE SPORTIVA DILETTANTISTICA VOLLEY SABBIO,Lombardia,BS,Sabbio Chiese,PGS,PGS,PGS
ASSOCIAZIONE SPORTIVA DILETTANTISTICA VOLLEY SAMONE,Piemonte,TO,Vialfrè,UISP,UISP,UISP
ASSOCIAZIONE SPORTIVA DILETTANTISTICA VOLLEY SILVI ADRIATICA,Abruzzo,TE,Silvi,CSEN,CSEN,CSEN
ASSOCIAZIONE SPORTIVA DILETTANTISTICA VOLLEY TORRENOVA,Sicilia,ME,Torrenova,PGS,PGS,PGS
ASSOCIAZIONE SPORTIVA DILETTANTISTICA VOLLEY VAIANO,Toscana,PO,Vaiano,UISP,UISP,UISP
ASSOCIAZIONE SPORTIVA DILETTANTISTICA VOLLEY VALLE DEI LAGHI,Trentino-Alto Adige/Südtirol,TN,Cavedine,CSI,CSI,CSI
ASSOCIAZIONE SPORTIVA DILETTANTISTICA VOLLEY VILLONGO,Lombardia,BG,Villongo,CSI,CSI,CSI
ASSOCIAZIONE SPORTIVA DILETTANTISTICA VOLLEY VOLLA,Campania,NA,Volla,CSI,CSI,CSI
ASSOCIAZIONE SPORTIVA DILETTANTISTICA VOLLEYBALL SANTA MONICA,Lazio,RM,Roma,OPES,OPES,OPES
ASSOCIAZIONE SPORTIVA DILETTANTISTICA WINGS VOLLEY TEAM,Abruzzo,AQ,L'Aquila,CSI,CSI,CSI
ASSOCIAZIONE SPORTIVA PALLAVOLO ARTENIESE,Friuli-Venezia Giulia,UD,Artegna,CSI,CSI,CSI
ASSOCIAZIONE SPORTIVA PALLAVOLO AVIS CERNUSCO,Lombardia,MI,Cernusco sul Naviglio,PGS,PGS,PGS
ASSOCIAZIONE SPORTIVA PEDARA VOLLEY,Sicilia,CT,Pedara,CSI,CSI,CSI
ASSOCIAZIONE SPORTIVA VOLLEY FORTITUDO CHIVASSO,Piemonte,TO,Chivasso,UISP,UISP,UISP
ASSOCIAZIONE VOLLEY AMBIVERE,Lombardia,BG,Ambivere,CSI,CSI,CSI
ASSOCIAZIONE VOLLEY CISERANO - ASSOCIAZIONE SPORTIVA DILETTANTISTICA,Lombardia,BG,Ciserano,CSI,CSI,CSI
ASSOCIAZIONE VOLLEY LICATA A.S.D.,Sicilia,AG,Palma di Montechiaro,PGS,PGS,PGS
ASV NEUMARKT VOLLEY A.S.D.,Trentino-Alto Adige/Südtirol,BZ,Egna/Neumarkt,CSI,CSI,CSI
AURORA SERIATE PALLAVOLO ASSOCIAZIONE SPORTIVA DILETTANTISTICA,Lombardia,BG,Seriate,CSI,CSI,CSI
AURORA VOLLEY UDINE ASS.SPORTIVA DILETTANTISTICA,Friuli-Venezia Giulia,UD,Udine,CSI,CSI,CSI
AUXILIUM PALLAVOLO ASD,Piemonte,VB,Villadossola,CSI,CSI,CSI
AVIS VOLLEY PISTOIA A.S.D.,Toscana,PT,Pistoia,PGS,PGS,PGS
AZZURRA VOLLEY MONCALVO ASSOCIAZIONE SPORTIVA DILETTAN,Piemonte,AT,Moncalvo,CSI,CSI,CSI
B-CHEERS BEACH VOLLEY TEAM ASD,Lombardia,LC,Mandello del Lario,CSI,CSI,CSI
BASKET & VOLLEY BARRA ASSOCIAZIONE SPORTIVA DILETTANTISTICA,Piemonte,TO,Torino,FIP,Basket,UISP FIP
BEACH & VOLLEY RETTORGOLE ASSOCIAZIONE SPORTIVA DILETTANTISTICA,Veneto,VI,Caldogno,AICS,AICS,AICS
BEACH VOLLEY & SPORT SERVICES A.S.D.,Emilia-Romagna,MO,Mirandola,CSI,CSI,CSI
BEACH VOLLEY GENERATION SCHOOL ASSOCIAZIONE SPORTIVA DILETTANTISTICA,Piemonte,AT,Asti,CSI,CSI,CSI
BEACH VOLLEY PADOVA SSD A RL,Veneto,PD,Padova,OPES,OPES,OPES
BEACH VOLLEY VIKINGS ASSOCIAZIONE SPORTIVA DILETTANTISTICA,Abruzzo,PE,Pescara,UISP,UISP,UISP
BEACHVOLLEY CAGLIARI - SOCIETA' SPORTIVA DILETTANTISTICA,Sardegna,CA,Cagliari,ENDAS,ENDAS,ENDAS
BIKE VOLLEY SUMMER A.S.D.,Toscana,FI,Sesto Fiorentino,UISP,UISP,UISP
BILLA VOLLEY TEAM ASD,Lombardia,MI,Milano,PGS,PGS,PGS
BORGOVOLLEYTEAM A.S.D,Emilia-Romagna,PR,Fidenza,CSI,CSI,CSI
BREMBO VOLLEY TEAM ASSOCIAZIONE SPORTIVA DILETTANTISTICA,Lombardia,BG,Brembate,CSI,CSI,CSI
BRUNDISIUM VOLLEY ASSOCIAZIONE SPORTIVA DILETTANTISTICA,Puglia,BR,Brindisi,CSI,CSI,CSI
BTS VOLLEY SAN SALVO - SOCIETA' SPORTIVA DILETTANTISTICA A R.L.,Abruzzo,CH,San Salvo,CSEN,CSEN,CSEN
CALDERARA VOLA VOLLEY ASSOCIAZIONE SPORTIVA DILETTANTISTICA,Emilia-Romagna,BO,Calderara di Reno,CSI,CSI,CSI
CALENZANO VOLLEY. SOCIETA' SPORTIVA DILETTANTISTICA A R.L.,Toscana,FI,Calenzano,UISP,UISP,UISP
CAPERGNANICA VOLLEY ASSOCIAZIONE SPORTIVA DILETTANTISTICA,Lombardia,CR,Capergnanica,CSI,CSI,CSI
CASCINE EMPOLI VOLLEY ASSOCIAZIONE SPORTIVA DILETTANTISTICA,Toscana,FI,Empoli,PGS,PGS,PGS UISP
CASTENASO VOLLEY A.S.D.,Emilia-Romagna,BO,Castenaso,UISP,UISP,UISP
CATTOLICA VOLLEY A.S.D.,Emilia-Romagna,RN,Cattolica,PGS,PGS,PGS
CAVAZZALE VOLLEYLAB ASSOCIAZIONE SPORTIVA DILETTANTISTICA,Veneto,VI,Monticello Conte Otto,AICS,AICS,AICS
CDC VOLLEY BOLOGNA 2.0 A.S.D.,Emilia-Romagna,BO,Bologna,CSI,CSI,CSI
CENTRO GIOVANILE BOCCALEONE PALLAVOLO,Lombardia,BG,Bergamo,CSI,CSI,CSI
CENTRO SPORTIVO COMUNALE (CSCR)SEZIONE PALLAVOLO-ASSOCIAZIONE SPORTIVA DILETTANTISTICA,Lombardia,BS,Roncadelle,CSI,CSI,CSI
CENTRO VOLLEY S.GIOVANNI ASD,Liguria,IM,Ospedaletti,CSI,CSI,CSI
CENTRO VOLLEY-SCUOLA DI PALLAVOLO MAZZUCCHELLI ASD,Liguria,IM,Sanremo,CSI,CSI,CSI
CIMI VOLLEY,Lombardia,MI,Milano,CSI,CSI,CSI
CINQUE VOLLEY ASS.SPORT. DILET.,Sicilia,RG,Modica,CSI,CSI,CSI
CITTA' DELLE GROTTE VOLLEY ASD,Puglia,BA,Castellana Grotte,UISP,UISP,UISP
CIVITAS VOLLEY A.S.D.,Lombardia,BG,Cividate al Piano,CSI,CSI,CSI
CLUB BLACK BULLS VOLLEY,Lombardia,MI,Gessate,CSI,CSI,CSI PGS
CLUB BRIANZA VOLLEYBALL TEAM SOCIETA' COOPERATIVA SPORTIVA DILETT ANTISTICA,Lombardia,MB,Cavenago di Brianza,PGS,PGS,PGS
COMITENSE VOLLEY ASSOCIAZIONE SPORTIVA DILETTANTISTICA,Veneto,PD,Villa del Conte,CSI,CSI,CSI
CORREGGIO VOLLEY ASSOCIAZIONE SPORTIVA DILETTANTISTICA,Emilia-Romagna,RE,Correggio,CSI,CSI,CSI
CREVAVOLLEY.NET ASSOCIAZIONE SPORTIVA DILETTANTISTICA,Emilia-Romagna,BO,Crevalcore,CSI,CSI,CSI UISP
CUS MEDICINA PALLAVOLO,Emilia-Romagna,BO,Medicina,UISP,UISP,UISP
DEA VOLLEY 2012,Lazio,FR,Colleferro,US_ACLI,US_ACLI,US_ACLI
DESIO VOLLEY BRIANZA A.S.D.,Lombardia,MB,Desio,PGS,PGS,PGS
DEVIL'S BRIDGE VOLLEY A.S.D.,Toscana,LU,Pescaglia,CSI,CSI,CSI
DIKE PALLAVOLO MODICA ASSOCIAZIONE SPORTIVA DILETTANTISTICA,Sicilia,RG,Modica,CSI,CSI,CSI
DRAGON VOLLEY A.S.D.,Lombardia,BS,Flero,UISP,UISP,UISP
DREAM VOLLEY PISA SOCIETA' SPORT.DILETT.A RESP. LIMITATA,Toscana,PI,Pisa,CSI,CSI,CSI
DUCA VOLLEY ASSOCIAZ. SPORT. D ILETT.,Emilia-Romagna,MO,Modena,CSI,CSI,CSI
EAGLE VOLLEY ASSOCIAZIONE SPORTIVA DILETTANTISTICA,Campania,NA,Napoli,CSI,CSI,CSI
EAGLES VOLLEY ASSOCIAZIONE SPORTIVA DILETTANTISTICA,Piemonte,TO,Torino,US_ACLI,US_ACLI,US_ACLI
EAGLES VOLLEY CECCANO - A.S.D.,Lazio,FR,Ceccano,AICS,AICS,AICS
EASY VOLLEY ASSOCIAZIONE SPORTIVA DILETTANTISTICA,Lombardia,MB,Monza,PGS,PGS,PGS
EFFEGI VOLLEY SCH00L GALLIPOLI ASS.SPOR.DIL E DI PROM.SOC.,Puglia,LE,Ugento,CSI,CSI,CSI
ELPIS VOLLEY ASD,Veneto,VE,Meolo,CSI,CSI,CSI
ENJOY VOLLEY VASTO ASSOCIAZIONE SPORTIVA DILETTANTISTICA,Abruzzo,CH,Vasto,CSEN,CSEN,CSEN
ETRUSCA VOLLEY ASD,Toscana,PI,Volterra,CSI,CSI,CSI
EVERTON VOLLEY ASSOCIAZIONE SPORTIVA DILETTANTISTICA,Emilia-Romagna,RE,Reggio nell'Emilia,CSI,CSI,CSI
F.E.A. TELUSIANO VOLLEY A.S.D.,Marche,MC,Monte San Giusto,CSI,CSI,CSI
FEDERSPORT ITALIA VOLLEY - ASSOCIAZIONE SPORTIVA DILETTANTISTICA,Lazio,RM,Roma,AICS,AICS,AICS
FIEMME FASSA VOLLEY A.S.D.,Trentino-Alto Adige/Südtirol,TN,Predazzo,CSI,CSI,CSI
FIRENZE OVEST PALLAVOLO ASD,Toscana,FI,Firenze,UISP,UISP,UISP
FOLIGNO VOLLEY ASD,Umbria,PG,Foligno,CSI,CSI,CSI
FORTITUDO VOLLEY TERAMO A.S.D.,Abruzzo,TE,Teramo,CSI,CSI,CSI
FOX VOLLEY ASSOCIAZIONE SPORTIVA DILETTANTISTICA,Friuli-Venezia Giulia,PN,Azzano Decimo,AICS,AICS,AICS
FRITTO MISTO / DON'T VOLLEY ASSOCIAZIONE SPORTIVA DILETTANTISTICA,Toscana,FI,Sesto Fiorentino,UISP,UISP,UISP
FYT VOLLEY,Marche,AP,San Benedetto del Tronto,UISP,UISP,UISP
G. S. PALLAVOLO,Toscana,FI,Borgo San Lorenzo,UISP,UISP,UISP
G.S PINO VOLLEY ASD,Piemonte,TO,Pino Torinese,US_ACLI,US_ACLI,US_ACLI
G.S. DILETTANTISTICO MARRUVIANA VOLLEY,Abruzzo,AQ,San Benedetto dei Marsi,CSI,CSI,CSI UISP
G.S. LIBERTAS SYSTEM VOLLEY A.S.D.,Toscana,LU,Lucca,CSI,CSI,CSI
G.S. PALLAVOLO PIAN DI SCO',Toscana,AR,Castelfranco Piandiscò,UISP,UISP,UISP
G.S. RINASCITA VOLLEY FIRENZE ASSOCIAZIONE SPORTIVA DILETTANTISTICA,Toscana,FI,Firenze,UISP,UISP,UISP
G.S. VOLLEY ORATORIO CORNAREDO,Lombardia,MI,Cornaredo,PGS,PGS,PGS
G.S.D. NEW VOLLEY BORGO SANSEPOLCRO,Umbria,PG,San Giustino,CSI,CSI,CSI
G.S.O. LUCERNATE PALLAVOLO RAGAZZI,Lombardia,MI,Rho,PGS,PGS,PGS
GAGLIANICO VOLLEY SCHOOL ASSOCIAZIONE SPORTIVA DILETTANTISTICA,Piemonte,BI,Gaglianico,PGS,PGS,PGS
GAR PALLAVOLO RESCALDINA ASD,Lombardia,MI,Rescaldina,PGS,PGS,PGS
GEAS VOLLEY ASD SEZIONE POLISPORTIVA GEAS,Lombardia,MI,Sesto San Giovanni,CSI,CSI,CSI
GIANFERR VOLLEY ASSOCIAZIONE SPORTIVA DILETTANTISTICA,Piemonte,TO,Rivarolo Canavese,UISP,UISP,UISP
GIOTTI VICTORIA VOLLEY S.S.D. S.R.L.,Toscana,SI,Colle di Val d'Elsa,UISP,UISP,UISP
GIOTTO VOLLEY PADOVA ASSOCIAZIONE SPORTIVA DILETT.,Veneto,PD,Padova,CSI,CSI,CSI
GIRO REFORM BY TALENTO VOLLEY,Abruzzo,PE,Pescara,CSEN,CSEN,CSEN
GRUPPO PALLAVOLO GAME OVER-ASSOCIAZIONE SPORTIVA DILETTANTISTICA,Piemonte,AL,Acqui Terme,CSI,CSI,CSI
GRUPPO SPORTIVO ARGENTARIO PALLAVOLO ASS.DILETTANTISTICA,Trentino-Alto Adige/Südtirol,TN,Trento,CSI,CSI,CSI
GRUPPO SPORTIVO CREDARO VOLLEY,Lombardia,BG,Credaro,CSI,CSI,CSI
GRUPPO SPORTIVO FIGLINE PALLAVOLO ASSOCIAZIONE SPORTIVA DILETTANTISTICA,Toscana,FI,Figline e Incisa Valdarno,UISP,UISP,UISP
GRUPPO SPORTIVO PALLAVOLO 2000 ASSOCIAZIONE SPORTIVA DILETTANTISTICA,Sicilia,PA,Palermo,CSI,CSI,CSI
GRUPPO SPORTIVO PALLAVOLO VIGNOLA ASS. SPORTIVA DILETT.,Emilia-Romagna,MO,Vignola,CSI,CSI,CSI
GRUPPO SPORTIVO UGGIATESE VOLLEY '87,Lombardia,CO,Uggiate con Ronago,CSI,CSI,OPES CSI
GSO TRABA VOLLEY - ASSOCIAZIONE SPORTIVA DILETTANTISTICA,Lombardia,LO,Maleo,CSI,CSI,CSI
GSO VILLA CORTESE VOLLEY,Lombardia,MI,Villa Cortese,PGS,PGS,PGS
GSV VOLLEY VEROLE A.S.D.,Lombardia,BS,Verolanuova,CSI,CSI,CSI
HAKA VOLLEY ASSOCIAZIONE SPORTIVA DILETTANTISTICA,Sicilia,CT,Tremestieri Etneo,CSI,CSI,CSI
I COLORI DEL VOLLEY ASSOCIAZIONE SPORTIVA DILETTANTISTICA,Veneto,TV,Caerano di San Marco,CSI,CSI,CSI
I.C.S. VOLLEY ASSOCIAZIONE SPORTIVA DILLETTANTISTICA,Lazio,RM,Fonte Nuova,CSI,CSI,CSI
I.M.C. GAMBETTOLA VOLLEY - ASSOCIAZIONE SPORTIVA DILETTANTISTICA,Emilia-Romagna,FC,Gambettola,CSI,CSI,CSI
ICARO VOLLEY A.S.D.,Piemonte,TO,Torino,UISP,UISP,UISP US_ACLI
IDEA VOLLEY ASSOCIAZIONE SPORTIVA DILETTANTISTICA,Emilia-Romagna,BO,Bologna,CSI,CSI,CSI
IMPERIA VOLLEY ASSOC.SPORT.DILETTANT.,Liguria,IM,Imperia,CSI,CSI,CSI
INTER VOLLEY FOLIGNO ASSOCIAZIONE SPORTIVA DILETTANTISTICA,Umbria,PG,Foligno,CSI,CSI,CSI
INVOLLEY SOCIETA' SPORTIVA DILETTANTISTICA A R.L.,Emilia-Romagna,RA,Lugo,CSI,CSI,CSI
IRCOMA VOLLEY ASD,Sicilia,CT,San Giovanni la Punta,CSI,CSI,CSI
ISEO VOLLEY ASSOCIAZIONE SPORTIVA DILETTANTISTICA,Lombardia,BS,Iseo,CSI,CSI,CSI
IUSCAVOLLEY ASSOCIAZIONE SPORTIVA DILETTANTISTICA,Basilicata,MT,Nova Siri,UISP,UISP,UISP
JRC ISPRA VOLLEY & BEACH VOLLEY ASSOCIAZIONE SPORTIVA DILETTANTISTICA,Lombardia,VA,Ispra,US_ACLI,US_ACLI,US_ACLI
JULIA VOLLEY A.S.D.,Lazio,RM,Roma,OPES,OPES,OPES
K3 VOLLEY CANZO ASD,Lombardia,CO,Canzo,CSI,CSI,CSI
L.A. MURATORI VOLLEY VIGNOLA ASS.NE SPORTIVA DILETTANTISTICA,Emilia-Romagna,MO,Vignola,CSI,CSI,CSI
L'ARCA VOLLEY ASD,Lombardia,MB,Cesano Maderno,PGS,PGS,PGS US_ACLI
LA FENICE VOLLEY A.S.D.,Lombardia,MI,Buccinasco,PGS,PGS,PGS
LAGUNA VOLLEY,Veneto,VE,Campagna Lupia,CSI,CSI,CSI
LAURIA VOLLEY ACADEMY,Basilicata,PZ,Lauria,OPES,OPES,OPES
LAZZATE VOLLEY ASD,Lombardia,MB,Lazzate,PGS,PGS,PGS
LEMEN VOLLEY ASSOCIAZIONE SPORTIVA DILETTANTISTICA,Lombardia,BG,Almenno San Bartolomeo,CSI,CSI,CSI
LIBERTAS VOLLEY FORLI' A.S.D.,Emilia-Romagna,FC,Forlì,CSI,CSI,CSI
LILLIPUT PALLAVOLO SOCIETA' SPORTIVA DILETTANTISTICA A RESPONSABI,Piemonte,TO,Settimo Torinese,UISP,UISP,UISP
LIOTRI VOLLEY A.S.D.,Sicilia,CT,Sant'Agata li Battiati,CSI,CSI,CSI
LISSONE VOLLEY TEAM,Lombardia,MB,Lissone,PGS,PGS,PGS
LUCCA VOLLEY ASD,Toscana,LU,Lucca,CSI,CSI,CSI
LUPINO VOLLEY A.S.D.,Veneto,TV,Treviso,CSI,CSI,CSI
M VOLLEY A.S.D.,Toscana,FI,Signa,UISP,UISP,UISP
MAGIC VOLLEY ADELFIA ASSOCIAZIONE SPORTIVA DILETTANTISTICA,Puglia,BA,Adelfia,CSEN,CSEN,CSEN
MAKHAI VOLLEY A.S.D.,Lombardia,BS,Brescia,UISP,UISP,UISP
MALCESINE VOLLEY ASSOCIAZIONE SPORTIVA DILETTANTISTICA,Veneto,VR,Malcesine,CSI,CSI,CSI
MAMI VOLLEY,Piemonte,VB,Verbania,CSI,CSI,CSI
MAPE VOLLEY A.S.D.,Sicilia,CT,Catania,CSI,CSI,CSI
MAPPANO VOLLEY,Piemonte,TO,Mappano,UISP,UISP,UISP
MARINO PALLAVOLO ASD,Lazio,RM,Marino,US_ACLI,US_ACLI,US_ACLI
MARTESANA VOLLEY COLOGNO ASSOCIAZIONE SPORTIVA DILETTANTISTICA,Lombardia,MI,Cologno Monzese,PGS,PGS,PGS
MESTRE VOLLEY CENTER ASSOCIAZIONE DILETTANTIS,Veneto,VE,Venezia,CSI,CSI,CSI
MOLINVOLLEY ASSOCIAZIONE SPORTIVA DILETTANTISTICA,Emilia-Romagna,BO,Molinella,CSI,CSI,CSI UISP
MONDRAGONE VOLLEY ASSOCIAZIONE SPORTIVA DILETTANTISTICA,Campania,CE,Mondragone,CSI,CSI,CSI
MONTEMURLO VOLLEY ASSOCIAZIONE SPORTIVA DILETTANTISTICA,Toscana,PO,Montemurlo,UISP,UISP,UISP
MONTORIO VOLLEY,Abruzzo,TE,Montorio al Vomano,CSI,CSI,CSI
MVOLLEY A.S.D.,Lombardia,BG,Mozzanica,CSI,CSI,CSI
MYVOLLEY ASD,Lombardia,MI,Bareggio,PGS,PGS,PGS
NEO VOLLEY BRUGHERIO ASD,Lombardia,MB,Brugherio,CSI,CSI,CSI
NET VOLLEY CINISELLO ASSOCIAZIONE SPORTIVA DILETTANTISTICA IN BREVE NET VOLLEY CINISELLO A.S.D.,Lombardia,MI,Cinisello Balsamo,PGS,PGS,PGS
NEW ARGON VOLLEY ASSOCIAZIONE SPORTIVA DILETTANTISTICA,Lombardia,BG,San Paolo d'Argon,CSI,CSI,CSI
NEW EAGLES VOLLEY,Lombardia,PV,Pavia,US_ACLI,US_ACLI,US_ACLI
NEW EFEBO VOLLEY ASSOC.SPORTIVA DILETTANTISTICA,Sicilia,TP,Castelvetrano,PGS,PGS,PGS
NEW FIDES VOLLEY CAMPO CALABRO ASSOCIAZIONE SPORTIVA DILETTANTISTICA,Calabria,RC,Campo Calabro,CSI,CSI,CSI
NEW VOLLEY 0141 ASTI A.S.D.,Piemonte,AT,Asti,UISP,UISP,UISP
NEW VOLLEY ACADEMY FORLI' ASSOCIAZIONE SPORTIVA DILETTANTISTICA,Emilia-Romagna,FC,Forlì,CSI,CSI,CSI
NEW VOLLEY FAVARA ASSOCIAZIONE SPORTIVA DILETTANTISTICA,Sicilia,AG,Favara,CSEN,CSEN,CSEN
NEW VOLLEY GAVARDO ASSOCIAZIONE SPORTIVA DILETTANTISTICA,Lombardia,BS,Gavardo,CSI,CSI,CSI PGS
NEW VOLLEY ISOLA - ASSOCIAZIONE SPORTIVA DILETTANTISTICA,Veneto,VR,Isola della Scala,CSI,CSI,CSI
NEW VOLLEY LAVELLO ASD,Basilicata,PZ,Lavello,OPES,OPES,OPES
NEW VOLLEY MARCON ASSOCIAZIONE SPORTIVA DILETTANTISTICA,Veneto,VE,Marcon,CSI,CSI,CSI UISP
NEW VOLLEY TERRANUOVA ASD,Toscana,AR,Terranuova Bracciolini,UISP,UISP,UISP
NEW VOLLEY VALSESIA A.S.D.,Piemonte,VC,Borgosesia,PGS,PGS,PGS
NEW VOLLEY VIZZOLO A.S.D.,Lombardia,LO,Mulazzano,UISP,UISP,UISP PGS
NIARDO VOLLEY - A.S.D.,Lombardia,BS,Niardo,CSI,CSI,CSI
NOI VOLLEY ASSOCIAZIONE SPORTIVA DILETTANTISTICA,Veneto,PD,Villafranca Padovana,CSI,CSI,CSI
NOVATEVOLLEY ASD,Lombardia,MI,Novate Milanese,PGS,PGS,PGS
NUOVA LEGA PALLAVOLO SANREMO ASD,Liguria,IM,Sanremo,CSEN,CSEN,CSEN
NUOVA PALLAVOLO GUALDO ASSOCIAZIONE SPORTIVA DILETTANTISTICA,Umbria,PG,Gualdo Tadino,CSI,CSI,CSI
NUOVA POLISPORTIVA PALLAVOLO SELVINO ASSOCIAZIONE SPORTIVA DILETTANTISTICA,Lombardia,BG,Selvino,CSI,CSI,CSI
NUOVE SPERANZE PALLAVOLO MARTELLAGO ASD,Veneto,VE,Martellago,UISP,UISP,UISP
OLIMPIA VOLLEY ASD,Sicilia,PA,Palermo,PGS,PGS,PGS
OLTREMARE PALLAVOLO A.S.D.,Lazio,RM,Pomezia,OPES,OPES,OPES
ORVIETO VOLLEY ACADEMY ASSOCIAZIONE SPORTIVA DILETTANTISTICA E CULTURALE,Umbria,TR,Orvieto,CSI,CSI,CSI
P.G.S. FERRARESE DON BOSCO PALLAVOLO,Emilia-Romagna,FE,Ferrara,PGS,PGS,PGS
P.G.S. HYADES PALLAVOLO KARATE ASSOCIAZIONE SPORTIVA DILETTANTISTICA,Veneto,VE,Venezia,ASC,ASC,ASC PGS
P.G.S. I.M.A. CHIESINA VOLLEY,Toscana,PT,Chiesina Uzzanese,UISP,UISP,UISP
P.G.S. MACCABEUS - PALLAVOLO VOLTANA A.S.D.,Emilia-Romagna,RA,Lugo,CSI,CSI,CSI
PAGLIARE VOLLEY ASSOCIAZIONE SPORTIVA PALLAVOLO DILETTANTISTICA,Marche,AP,Spinetoli,CSEN,CSEN,CSEN
PALLAVOLO ACIREALE 14 A.S.D.,Sicilia,CT,Acireale,CSI,CSI,CSI
PALLAVOLO ARZIGNANO ASSOCIAZIONE SPORTIVA DILETTANTISTICA,Veneto,VI,Arzignano,AICS,AICS,AICS
PALLAVOLO CANTOIRA A.S.D,Piemonte,TO,Cantoira,UISP,UISP,UISP
PALLAVOLO CAPRIATE SAN GERVASIO,Lombardia,BG,Capriate San Gervasio,CSI,CSI,CSI
PALLAVOLO CARPINETO ASD,Lazio,RM,Carpineto Romano,US_ACLI,US_ACLI,US_ACLI
PALLAVOLO CASTELFRANCO SOCIETA' SPORTIVA DILETTANTISTICA A RESPONSABILITA' LIMITATA,Toscana,PI,Castelfranco di Sotto,UISP,UISP,UISP
PALLAVOLO CONCOREZZO SOCIETA' SPORTIVA DILETTANTISTICA A R.L.,Lombardia,MB,Concorezzo,PGS,PGS,PGS
PALLAVOLO FABBRICO ASD,Emilia-Romagna,RE,Fabbrico,CSI,CSI,CSI
PALLAVOLO GARFAGNANA ASD,Toscana,LU,Gallicano,CSI,CSI,CSI
PALLAVOLO GAVARNO ASSOCIAZIONE SPORTIVA DILETTANTISTICA,Lombardia,BG,Nembro,CSI,CSI,CSI
PALLAVOLO GONZAGA GIOVANI A.S.D.,Lombardia,MI,Milano,PGS,PGS,PGS
PALLAVOLO GORLA VOLLEY A.S.D.,Lombardia,VA,Gorla Minore,PGS,PGS,PGS
PALLAVOLO IMOLA ASSOCIAZIONE SPORTIVA DILETTANTISTICA,Emilia-Romagna,BO,Imola,CSI,CSI,CSI
PALLAVOLO LANCIANO ASD,Abruzzo,CH,Lanciano,CSEN,CSEN,CSEN
PALLAVOLO LECCO ALBERTO PICCO SOCIETA' SPORTIVA DILETTANTISTICA A RL,Lombardia,LC,Lecco,CSI,CSI,CSI
PALLAVOLO MEDIAUMBRIA ASSOCIAZIONE SPORTIVA DILETTANTISTICA,Umbria,PG,Marsciano,CSI,CSI,CSI
PALLAVOLO MORDANO ASD,Emilia-Romagna,BO,Mordano,CSI,CSI,CSI
PALLAVOLO NERVESA ASSOC.SPORTIVA DILETTANTISTICA,Veneto,TV,Nervesa della Battaglia,CSI,CSI,CSI
PALLAVOLO NETTUNO ASSOCIAZIONE SPORTIVA DILETTANTISTICA,Lazio,RM,Nettuno,OPES,OPES,OPES
PALLAVOLO PADERNO DUGNANO A.S.D.,Lombardia,MI,Paderno Dugnano,PGS,PGS,PGS
PALLAVOLO PERUGIA SOCIETA SPORTIVA DILETTANTISTICA A RL,Umbria,PG,Perugia,CSI,CSI,CSI
PALLAVOLO PINEROLO SOC.SPORT. DILETT. A R.L.,Piemonte,TO,Pinerolo,UISP,UISP,UISP CSEN
PALLAVOLO PIZZO LORENZO BRETTI ASD,Calabria,VV,Pizzo,PGS,PGS,PGS
PALLAVOLO PORTOSCUSO A.S.D.,Sardegna,SU,Portoscuso,CNS_Libertas,CNS_Libertas,CNS_Libertas
PALLAVOLO RAPOLANO ASSOCIAZIONE SPORTIVA DILETTANTISTICA,Toscana,SI,Rapolano Terme,CSI,CSI,CSI
PALLAVOLO SAN VENDEMIANO,Veneto,TV,San Vendemiano,CSI,CSI,CSI
PALLAVOLO SANTHIA' ASSOCIAZIONE SPORTIVA DILETTANTISTICA,Piemonte,VC,Santhià,UISP,UISP,UISP
PALLAVOLO SAVONAROLA ASSOCIAZIONE SPORT. DILETTANTISTICA,Veneto,PD,Padova,CSI,CSI,CSI
PALLAVOLO SCANDICCI SAVINO DEL BENE SOCIETA' SPORTIVA DILETTANTIS TICA A RESPONSABILITA' LIMITATA,Toscana,FI,Scandicci,UISP,UISP,UISP
PALLAVOLO SCARPERIA - ASSOCIAZIONE SPORTIVA DILETTANTISTICA,Toscana,FI,Scarperia e San Piero,UISP,UISP,UISP
PALLAVOLO SPIRANO ASSOCIAZIONE DILETTANTISTICA,Lombardia,BG,Spirano,CSI,CSI,CSI
PALLAVOLO STRA ASSOCIAZIONE SPORTIVA DILETTANTISTICA,Veneto,VE,Stra,UISP,UISP,UISP
PALLAVOLO TREVIOLO ASSOCIAZIONE SPORTIVA DILETTANTISTICA,Lombardia,BG,Treviolo,CSI,CSI,CSI
PALLAVOLO VALDARNO A.S.D.,Toscana,AR,San Giovanni Valdarno,UISP,UISP,UISP
PALLAVOLO VERSILIA,Toscana,LU,Seravezza,CSI,CSI,CSI
PALLAVOLO VISERBA - SOCIETA' SPORTIVA DILETTANTISTICA A RESPONSABILITA' LIMITATA,Emilia-Romagna,RN,Rimini,PGS,PGS,PGS
PAOLO POGGI VOLLEY ASSOCIAZIONE DILETTANTISTICA,Emilia-Romagna,BO,San Lazzaro di Savena,CSI,CSI,CSI
PERUGIA VOLLEY TEAM PALLAVOLO SAN SISTO A.S.D.,Umbria,PG,Perugia,CSI,CSI,CSI
"PGS ""BLU VOLLEY"" ASSOCIAZIONE SPORTIVA DILETTANTISTICA",Lombardia,VA,Cuveglio,PGS,PGS,PGS
PGS JUVENILIA ATLETICA LEGGERA PALLAVOLO BASKET TENNIS DA TA,Sicilia,CT,Catania,PGS,PGS,PGS
PHOEBUS TITO VOLLEY,Basilicata,PZ,Tito,CSI,CSI,CSI
PIACENZA VOLLEY SOCIETA' SPORTIVA DILETTANTISTICA A R.L.,Emilia-Romagna,PC,Piacenza,CSI,CSI,CSI
PIANEZZA VOLLEY ASSOCIAZIONE SPORTIVA DILETTANTISTICA,Piemonte,TO,Pianezza,UISP,UISP,UISP
PIETRO LARGHI VOLLEY A.S.D.,Toscana,SI,Colle di Val d'Elsa,UISP,UISP,UISP
PIEVE VOLLEY ASSOCIAZIONE SPORTIVA DILETTANTISTICA,Emilia-Romagna,RE,Reggio nell'Emilia,CSI,CSI,CSI
PISTOIA VOLLEY LA FENICE A.S.D.,Toscana,PT,Pistoia,CSI,CSI,CSI
PLANET VOLLEY SOCIETA' SPORTIVA DILENTTANTISTICA A RESPONSABILITA' LIMITATATA,Sicilia,CT,Pedara,CSI,CSI,CSI
PODIUM TEAM VOLLEY ASSOCIAZIONE DILETTANTISTICA,Emilia-Romagna,MO,San Possidonio,CSI,CSI,CSI
POLIRONE VOLLEY A.S.D.,Lombardia,MN,San Benedetto Po,CSI,CSI,CSI
POLISPORTIVA AMATORI VOLLEY A.S.D.,Puglia,BA,Bari,CSEN,CSEN,CSEN
POLISPORTIVA DI.PO. SEZIONE PALLAVOLO,Lombardia,MB,Vimercate,PGS,PGS,PGS
POLISPORTIVA DILETTANTISTICA CERRETESE PALLAVOLO,Toscana,FI,Cerreto Guidi,PGS,PGS,PGS UISP
POLISPORTIVA GALILEO GIOVOLLEY-ASSOC.SPORTIVA DILETTANTI,Emilia-Romagna,RE,Reggio nell'Emilia,CSI,CSI,CSI
POLISPORTIVA NOVATE VOLLEY A.S.D.,Lombardia,MI,Novate Milanese,PGS,PGS,PGS
POLISPORTIVA PALLAVOLO MONTECASSIANO A.S.D.,Marche,MC,Montecassiano,CSI,CSI,CSI
POLISPORTIVA S. GIORGIO VOLLEY MOLTENO ASS SPORT. DILL.,Lombardia,LC,Molteno,CSI,CSI,CSI
POLISPORTIVA VOLLEY ACIREALE,Sicilia,CT,Acireale,CSI,CSI,CSI
POLISPORTIVA VOLLEY MORNICO,Lombardia,BG,Mornico al Serio,CSI,CSI,CSI
POOL VOLLEY ALTA BRIANZA A.S.D.,Lombardia,CO,Albavilla,CSI,CSI,CSI
POWERVOLLEY MILANO 2.0 - SOCIETA' SPORTIVA DILETTANTISTICA A RESPONSABILITA' LIMITATA,Lombardia,MI,Milano,CSI,CSI,CSI
PRATO VOLLEY PROJECT SSDARL,Toscana,PO,Prato,UISP,UISP,UISP
PRO VOLLEY ABBIATEGRASSO,Lombardia,MI,Abbiategrasso,PGS,PGS,PGS
PROMOTIONAL SPORT VOLLEY VERONA,Veneto,VR,Verona,CSI,CSI,CSI
PROMOVOLLEY ASSOCIAZIONE SPORTIVA DILETTANTISTICA - SETTORE PALLAVOLO,Trentino-Alto Adige/Südtirol,TN,Trento,CSI,CSI,CSI
PUNTOVOLLEY CASTELLI ROMANI A.S.D.,Lazio,RM,Albano Laziale,UISP,UISP,UISP
R.P.F. REGGIANA PALLAVOLO FEMMINILE ASSOCIAZIONE SPORTIVA DILETTANTISTICA,Emilia-Romagna,RE,Reggio nell'Emilia,CSI,CSI,CSI
RAINBOW VOLLEY LA SPEZIA ASD,Liguria,SP,Santo Stefano di Magra,ENDAS,ENDAS,ENDAS AICS
REAL LENO VOLLEY A.S.D.,Lombardia,BS,Leno,CSI,CSI,CSI
REAL VOLLEY S.S.D. A R.L.,Lombardia,BS,Mazzano,CSI,CSI,CSI
REDA VOLLEY ASSOCIAZIONE SPORT IVA DILETTANTISTICA,Emilia-Romagna,RA,Faenza,CSI,CSI,CSI
RIONERO IN VOLLEY ASSOCIAZIONE SPORTIVA DILETTANTISTICA,Basilicata,PZ,Rionero in Vulture,CSI,CSI,CSI OPES
ROCCA DI PAPA VOLLEY ASSOCIAZIONE SPORTIVA DILETTANTISTICA,Lazio,RM,Rocca di Papa,UISP,UISP,UISP US_ACLI
ROEN VOLLEY ASD,Trentino-Alto Adige/Südtirol,BZ,Bolzano/Bozen,UISP,UISP,UISP
ROMA VOLLEY SOCIETA' SPORTIVA DILETTANTISTICA A RESPONSABILITA' LIMITATA IN SIGLA ROMA VOLLEY S.S.D. A R.L.,Lazio,RM,Roma,UISP,UISP,UISP
ROMAN VOLLEY ASD APS,Lazio,RM,Roma,CSI,CSI,CSI
ROZZANO VOLLEY ASSOCIAZIONE SPORTIVA DILETTANTISTICA,Lombardia,MI,Rozzano,CSI,CSI,CSI PGS
RUSSI VOLLEY ASSOCIAZIONE SPOR TIVA DILETTANTISTICA,Emilia-Romagna,RA,Russi,CSI,CSI,CSI
S.ILARIO BASKETVOLLEY ASS.SPORTIVA DILETTANTISTICA,Emilia-Romagna,RE,Sant'Ilario d'Enza,FIP,Basket,FIP CSI
S.S.D ARL CHIERI'76 VOLLEYBALL,Piemonte,TO,Chieri,UISP,UISP,UISP
S.S.D. AUDAX VOLLEY CORSICO S.R.L.,Lombardia,MI,Corsico,PGS,PGS,PGS
S.S.D. CARBONARA VOLLEY S.R.L.,Puglia,BA,Bari,CSEN,CSEN,CSEN
SAMMARCO PALLAVOLO ASSOCIAZIONE SPORTIVA DILETTANTISTICA,Puglia,FG,San Marco in Lamis,AICS,AICS,AICS
SAN FAUSTINO INVICTA PALLAVOLO ASSOCIAZIONE SPORTIVA DILETTA,Emilia-Romagna,MO,Modena,CSI,CSI,CSI
SAN QUIRICO VOLLEY A.S.D.,Toscana,FI,Firenze,UISP,UISP,UISP
SAN ROCCO VOLLEY - SOCIETA' SPORTIVA DILETTANTISTICA A RESPONSABILITA' LIMITATA,Piemonte,NO,Novara,PGS,PGS,PGS
SANGREM VOLLEY ASSOCIAZIONE SPORTIVA DILETTANTISTICA,Emilia-Romagna,RN,Morciano di Romagna,PGS,PGS,PGS
SANTA RITA VOLLEY MILANO ASSOCIAZIONE SPORTIVA DILETTANTISTICA,Lombardia,MI,Milano,CSI,CSI,CSI
SB VOLLEY A.S.D.,Marche,AN,Osimo,CSI,CSI,CSI
SCUOLA DI PALLAVOLO BIELLESE ASSOCIAZIONE SPORTIVA DILETTANTISTICA,Piemonte,BI,Biella,UISP,UISP,UISP PGS
SCUOLA DI PALLAVOLO CUNEO A.S.D.,Piemonte,CN,Cuneo,CSI,CSI,CSI
SCUOLA DI PALLAVOLO SERRAMAZZONI SOC. COOP. SOCIALE SPORT.DILETT.,Emilia-Romagna,MO,Modena,CSI,CSI,CSI
SCUOLA PALLAVOLO SAN VITO ASS.SPORTIVA DILETTANTISTICA,Puglia,BR,San Vito dei Normanni,CSI,CSI,CSI
SDC AIR OPPIDO VOLLEY,Basilicata,PZ,Oppido Lucano,CSI,CSI,CSI
SERTECO VOLLEY SCHOOL - SOC.SP DILETT. A R.L.,Liguria,GE,Genova,CSI,CSI,CSI
SGNACALABALA ENOGASTROVOLLEYTEAM,Piemonte,TO,Torino,UISP,UISP,UISP
SI'VOLLEYBYBOVEZZO A.S.D.,Lombardia,BS,Bovezzo,UISP,UISP,UISP
SOAVE VOLLEY ASSOCIAZIONE SPORTIVA DILETTANTISTICA,Veneto,VR,Soave,CSI,CSI,AICS CSI
SOCIETA' SPORTIVA DILETTANTISTICA PRO VICTORIA PALLAVOLO S.R.L.,Lombardia,MB,Monza,PGS,PGS,PGS
SOCIETA' SPORTIVA DILETTANTISTICA VOLLEY CIVITA CASTELLANA A R.L.,Lazio,VT,Civita Castellana,OPES,OPES,OPES
SOLIERA VOLLEY 150 ASSOCIAZIONE SPORTIVA DILETTANTISTICA,Emilia-Romagna,MO,Soliera,CSI,CSI,CSI
SORBOLO PALLAVOLO,Emilia-Romagna,PR,Sorbolo Mezzani,CSI,CSI,CSI CSEN
SORBOLO VOLLEY SCHOOL ASD,Emilia-Romagna,PR,Sorbolo Mezzani,CSI,CSI,CSI
SPIN VOLLEY RONCELLO ASD,Lombardia,MB,Roncello,CSI,CSI,PGS CSI
SPORT VOLLEY BROLO ASSOCIAZIONE SPORTIVA DILETTANTISTICA,Sicilia,ME,Brolo,FITP,FITP,FITP
SS POLIZIA MUNICIPALE VOLLEY ASSOCIAZIONE SPORTIVA DILETTANTISTICA,Basilicata,PZ,Potenza,OPES,OPES,OPES
SSD CLUB ATLETICO BARI VOLLEY SRL,Puglia,BA,Bari,CSEN,CSEN,CSEN
TEAM VOLLEY BUSNAGO,Lombardia,MB,Busnago,PGS,PGS,PGS
TEAM VOLLEY CASTELGOMBERTO BROGLIANO ASSOCIAZIONE SPORTIVA DILETTANTISTICA,Veneto,VI,Castelgomberto,AICS,AICS,AICS
TEAM VOLLEY MESSINA SSD A RL,Sicilia,ME,Messina,CSI,CSI,PGS CSI
TEAMVOLLEY ASSOCIAZIONE SPORTIVA DILETTANTISTICA,Piemonte,BI,Cossato,PGS,PGS,PGS
TEAMVOLLEY C8 A.S.D.,Trentino-Alto Adige/Südtirol,TN,Storo,CSI,CSI,CSI
TERRAGLIO VOLLEY SRL SOCIETA' SPORTIVA DILETTANTISTICA,Veneto,VE,Venezia,CSI,CSI,UISP CSI
TIFERNUM PALLAVOLO A.S.D.,Umbria,PG,Città di Castello,CSI,CSI,CSI
TIGERS VOLLEY BERNAREGGIO ASSOCIAZIONE SPORTIVA DILETTANTISTICA,Lombardia,MB,Bernareggio,PGS,PGS,PGS
TOLFA VOLLEY A.S.D.,Lazio,RM,Tolfa,OPES,OPES,OPES
TORINO VOLLEY MENEGHETTI - T.V.M. 21,Piemonte,TO,Torino,UISP,UISP,UISP US_ACLI
TORRETTA VOLLEY LIVORNO ASD,Toscana,LI,Livorno,CSI,CSI,CSI
TRIUMVIRATO ATLETICO PALLAVOLO GRUPPO SPORTIVO DILETTANTISTICO,Emilia-Romagna,BO,Bologna,CSI,CSI,CSI
TUDER VOLLEY A.S.D.,Umbria,PG,Todi,CSI,CSI,CSI
TUTTOVOLLEY ASSOCIAZIONE SPORTIVA DILETTANTISTICA,Trentino-Alto Adige/Südtirol,TN,Trento,US_ACLI,US_ACLI,US_ACLI
U.S. ARGENTIA PALLAVOLO ASSOCIAZIONE SPORTIVA DILETTANTISTICA,Lombardia,MI,Gorgonzola,PGS,PGS,PGS
U.S. JUNIOR PALLAVOLO FEMMINILE ASS.SPORTIVA DILETTANTISTICA,Piemonte,AL,Casale Monferrato,UISP,UISP,UISP
U.S. MOZZO-SEZ.NE PALLAVOLO ASS.SPOR.DILETT.,Lombardia,BG,Mozzo,CSI,CSI,CSI
U.S. RUBIERESE-REGGIANA VOLLEY SOCIETA' SPORTIVA DILETTANTISTICA A RESPONSABILITA' LIMITATA,Emilia-Romagna,RE,Reggio nell'Emilia,CSI,CSI,CSI
U.S.D. BORGOFRANCO PALLAVOLO,Piemonte,TO,Borgofranco d'Ivrea,UISP,UISP,UISP
UISP VOLLEY UMBERTIDE,Umbria,PG,Umbertide,CSI,CSI,CSI
UNION VOLLEY SOVERATO ASD,Calabria,CZ,Soverato,PGS,PGS,PGS
UNION VOLLEY SPRESIANO A.S.D.,Veneto,TV,Spresiano,CSI,CSI,CSI
UNIONE SPORTIVA CATENA PALLAVOLO,Veneto,VR,Verona,CSI,CSI,CSI
UNIONE SPORTIVA DILETTANTISTICA PALLAVOLO CIAMPINO,Lazio,RM,Ciampino,US_ACLI,US_ACLI,US_ACLI
UNIONE SPORTIVA DILETTANTISTICA VOLLEY CLUB LE SIGNE,Toscana,FI,Signa,UISP,UISP,UISP
UNIONE SPORTIVA TRINACRIA VOLLEY A.S.D.,Sicilia,PA,Palermo,CSI,CSI,CSI
UNIONE SPORTIVA VOLLEY FONTANE A.S.D.,Veneto,TV,Villorba,CSI,CSI,CSI
UNIONFOR VOLLEY ASD,Piemonte,TO,Cumiana,UISP,UISP,UISP
UNIVOLLEY ASSOCIAZIONE SPORTIVA DILETTANTISTICA,Emilia-Romagna,MO,Carpi,CSI,CSI,CSI
USD VISCONTINI VOLLEY,Lombardia,MI,Milano,PGS,PGS,PGS
V.I.V.A. VOLLEY A.S.D.,Veneto,VR,Verona,CSI,CSI,CSI
VAL LAMONE VOLLEY ASSOCIAZIONE SPORTIVA DILETTANTISTICA,Emilia-Romagna,RA,Brisighella,CSI,CSI,CSI
VALBOSSA VOLLEY ASSOC.SPORTIVA DILE,Lombardia,VA,Azzate,PGS,PGS,PGS
VALDARNO VOLLEY S.S.D. A R.L.,Toscana,FI,Figline e Incisa Valdarno,UISP,UISP,UISP
VALECARACUTA VOLLEY SCHOOL LECCE ASSOCIAZIONE SPORTIVA DILETTANTISTICA,Puglia,LE,Lecce,AICS,AICS,AICS
VALPALA VOLLEY A.S.D.,Lombardia,BG,Valbrembo,CSI,CSI,CSI
VALSESIA TEAM VOLLEY A.S.D.,Piemonte,VC,Borgosesia,PGS,PGS,PGS
VENA VOLLEY ASD,Marche,AP,Venarotta,CSI,CSI,CSI
VERO VOLLEY MISTERBIANCO A.S.D.,Sicilia,CT,Misterbianco,CSI,CSI,CSI
VERONA VOLLEY 2006 ASD,Veneto,VR,Bussolengo,CSI,CSI,CSI
VIGLIANO VOLLEY ASSOCIAZIONE SPORTIVA DILETTANTISTICA,Piemonte,BI,Vigliano Biellese,PGS,PGS,PGS
VILLAGGIO VOLLEY ASSOCIAZIONE SPORTIVA DILETTANTISTICA,Liguria,GE,Chiavari,CSI,CSI,CSI
VINTAGE VOLLEY ROMAGNA ASSOCIAZIONE SPORTIVA DILETTANTISTICA,Emilia-Romagna,RA,Bagnacavallo,UISP,UISP,UISP
VIRIDE VOLLEY VERDERIO ASD,Lombardia,LC,Verderio,CSI,CSI,CSI
VIRTUS CHIANCIANO VOLLEY 21 ASSOCIAZIONE SPORTIVA DILETTANTISTICA,Toscana,SI,Chianciano Terme,CSI,CSI,CSI
VIRTUS MAREMMA VOLLEY ASD,Toscana,GR,Roccastrada,UISP,UISP,UISP
VIRTUS VOLLEY PAGLIETA,Abruzzo,CH,Paglieta,CSEN,CSEN,CSEN
VIRTUS VOLLEY SRL SSD,Marche,PU,Fano,CSI,CSI,CSI
VIVA VILLA VOLLEY A.S.D.,Emilia-Romagna,MO,Modena,CSI,CSI,CSI
VIVIVOLLEY '95 A.S.D.,Lombardia,LO,Secugnago,CSI,CSI,CSI
VOLANO VOLLEY ASSOCIAZIONE SPORTIVA DILETTANTISTICA,Trentino-Alto Adige/Südtirol,TN,Volano,CSI,CSI,CSI
VOLLEY & FUN BITONTO - ASSOCIAZIONE SPORTIVA DILETTANTISTICA,Puglia,BA,Bitonto,CSEN,CSEN,CSEN
VOLLEY & SPORT ASD,Lazio,RM,Roma,OPES,OPES,OPES
VOLLEY & SPORT ASSOCIAZIONE SPORTIVA DILETTANTISTICA,Lazio,LT,Fondi,OPES,OPES,OPES
VOLLEY 2K ASD,Emilia-Romagna,FE,Ferrara,UISP,UISP,UISP
VOLLEY ACADEMY CIVITAVECCHIA,Lazio,RM,Civitavecchia,OPES,OPES,OPES
VOLLEY ACCADEMIA SOCIETA' SPORTIVA DILETTANTISTICA A RESPONSABILITA' LIMITATA,Campania,BN,Benevento,CSEN,CSEN,CSEN
VOLLEY ADRARA,Lombardia,BG,Adrara San Martino,CSI,CSI,CSI
VOLLEY ALPO - ASSOCIAZIONE SPORTIVA DILETTANTISTICA,Veneto,VR,Villafranca di Verona,CSI,CSI,CSI
VOLLEY ALTO TANARO ASSOCIAZIONE SPORTIVA DILETTANTISTICA,Piemonte,CN,Ormea,CSI,CSI,CSI
VOLLEY ANGELS CUSANO ASSOCIAZIONE SPORTIVA DILETTANTISTICA,Lombardia,MI,Cusano Milanino,PGS,PGS,PGS
VOLLEY APPENNINO ASSOCIAZIONE SPORTIVA DILETTANTISTICA,Emilia-Romagna,BO,San Benedetto Val di Sambro,CSI,CSI,CSI
VOLLEY ARICCIA ASD,Lazio,RM,Ariccia,US_ACLI,US_ACLI,US_ACLI
VOLLEY AURORA & VITTORIO VENETO ASSOCIAZIONE SPORTIVA DILETTANTISTICA,Veneto,TV,Godega di Sant'Urbano,AICS,AICS,AICS
VOLLEY BALL CLUB CALCI ASD,Toscana,PI,Calci,CSI,CSI,CSI
VOLLEY BALL CLUB DOGLIANI ASD,Piemonte,CN,Dogliani,CSI,CSI,CSI
VOLLEY BARGHE ASSOCIAZIONE SPORTIVA DILETTANTISTICA,Lombardia,BS,Barghe,CSI,CSI,CSI PGS
VOLLEY BIENATE MAGNAGO A.S.D.,Lombardia,MI,Magnago,PGS,PGS,PGS
VOLLEY CARAVAGGIO ASSOCIAZIONE SPORTIVA DILETTANTISTICA,Lombardia,BG,Caravaggio,CSI,CSI,CSI
VOLLEY CARBONERA ASSOCIAZIONE SPORTIVA DILETTANTIS,Veneto,TV,Carbonera,CSI,CSI,CSI
VOLLEY CARDINALS ASD,Emilia-Romagna,RE,Quattro Castella,CSI,CSI,CSI
VOLLEY CARPENEDOLO ASSOCIAZIONE SPORTIVA DILETTANTISTICA,Lombardia,BS,Carpenedolo,CSI,CSI,CSI
VOLLEY CASELETTE A.S.D.,Piemonte,TO,Caselette,UISP,UISP,UISP
VOLLEY CASTEGNATO EVOLUTION ASD,Lombardia,BS,Brescia,UISP,UISP,UISP
VOLLEY CASTELVETRO A.S.D.,Emilia-Romagna,MO,Castelvetro di Modena,CSI,CSI,CSI
VOLLEY CATANIA S.S.D. A.R.L.,Sicilia,CT,Catania,PGS,PGS,PGS
VOLLEY CAVALLINO TREPORTI A.S.D.,Veneto,VE,Cavallino-Treporti,UISP,UISP,UISP
VOLLEY CESENATICO ASD,Emilia-Romagna,FC,Cesenatico,CSI,CSI,CSI
VOLLEY CHERASCO A.S.D.,Piemonte,CN,Cherasco,CSI,CSI,CSI
VOLLEY CLUB CESENA A.S.D.,Emilia-Romagna,FC,Cesena,CSI,CSI,CSI
VOLLEY CLUB SESTESE S.S.D.R.L.,Toscana,FI,Sesto Fiorentino,UISP,UISP,UISP
VOLLEY CRESCENTINO,Piemonte,VC,Crescentino,UISP,UISP,UISP US_ACLI
VOLLEY CUP ASSOCIAZIONE SPORTIVA DILETTANTISTICA,Lombardia,MI,Milano,US_ACLI,US_ACLI,US_ACLI
VOLLEY DON BOSCO,Lombardia,MI,Buscate,PGS,PGS,PGS
VOLLEY FIUMICINO SOCIETA' SPORTIVA DILETTANTISTICA A RESPONSABILITA' LIMITATA,Lazio,RM,Fiumicino,AICS,AICS,AICS OPES
VOLLEY GIRIFALCO,Calabria,CZ,Girifalco,PGS,PGS,PGS
VOLLEY HERMAEA OLBIA S.R.L. SOCIETA' SPORTIVA DILETTANTISTICA,Sardegna,SS,Olbia,CSI,CSI,CSI
VOLLEY LA STORTA ASSOCIAZIONE SPORTIVA DILETTANTISTICA,Lazio,RM,Roma,CSI,CSI,CSI
VOLLEY LAND,Sicilia,PA,Carini,PGS,PGS,PGS
VOLLEY LIDO ASSOCIAZIONE SPORTIVA DILETTANTISTICA,Toscana,LU,Camaiore,CSI,CSI,CSI
VOLLEY MACHERIO ASSOCIAZIONE SPORTIVA DILETTANTISTICA,Lombardia,MB,Macherio,PGS,PGS,PGS
VOLLEY MARCA-ATHLETIC CENTER ASSOCIAZIONE SPORTIVA DILETTANTISTICA,Veneto,TV,Paese,CSI,CSI,CSI
VOLLEY MARCONI ASSOCIAZIONE SPORTIVA DILETTANTISTICA,Emilia-Romagna,RE,Castelnovo di Sotto,CSI,CSI,UISP CSI
VOLLEY MARENE ASSOCIAZIONE SPORTIVA DILETTANTISTICA,Piemonte,CN,Marene,CSI,CSI,CSI
VOLLEY MONTICHIARI S.S.D. A R.L.,Lombardia,BS,Montichiari,CSI,CSI,CSI UISP
VOLLEY NOALE - ASSOCIAZIONE SPORTIVA DILETTANTISTICA,Veneto,VE,Noale,CSI,CSI,CSI
VOLLEY NOVE A.S.D.,Veneto,VI,Nove,AICS,AICS,AICS
VOLLEY PACHINO ASSOCIAZIONE SPORTIVA DILETTANTISTICA,Sicilia,SR,Pachino,CSI,CSI,CSI
VOLLEY PANTERA LUCCA ASSOCIAZIONE SPORTIVA DILETTANTISTICA,Toscana,LU,Lucca,CSI,CSI,CSI
VOLLEY PARTINICO A.S.D.,Sicilia,PA,Partinico,CSI,CSI,CSI
VOLLEY PAVULLO ASSOCIAZIONE SPORTIVA DILETTANTISTICA,Emilia-Romagna,MO,Pavullo nel Frignano,CSI,CSI,CSI
VOLLEY PEDRENGO-ASSOCIAZIONE SPORTIVA DILETTANTISTICA,Lombardia,BG,Pedrengo,CSI,CSI,CSI
VOLLEY PEOPLE COGLIATE ASD,Lombardia,MB,Cogliate,PGS,PGS,PGS
VOLLEY POIANA SOSSANO -ASSOCIAZIONE SPORTIVA DILETTANTISTICA,Veneto,PD,Borgo Veneto,CSI,CSI,CSI
VOLLEY PONT SAINT MARTIN,Valle d'Aosta/Vallée d'Aoste,AO,Pont-Saint-Martin,UISP,UISP,UISP
VOLLEY PONTE FELCINO ASSOCIAZIONE DILETTANTISTICA,Umbria,PG,Perugia,CSI,CSI,CSI
VOLLEY PONTE VALLECEPPI A.S.D.,Umbria,PG,Perugia,CSI,CSI,CSI
VOLLEY PONTIROLO A.S.D.,Lombardia,BG,Pontirolo Nuovo,CSI,CSI,CSI
VOLLEY PRATO S.S.D. A R.L.,Toscana,PO,Prato,UISP,UISP,UISP
VOLLEY RIOZZO A.S.D..,Lombardia,LO,Casaletto Lodigiano,CSI,CSI,CSI
VOLLEY ROTEGLIA A.S.D.,Emilia-Romagna,RE,Castellarano,CSI,CSI,CSI
VOLLEY RUDIANO 1992 - A.S.D.,Lombardia,BS,Rudiano,CSI,CSI,CSI
VOLLEY SAMMARTINESE ASD,Emilia-Romagna,FC,Forlì,CSI,CSI,CSI
VOLLEY SAN CESARIO SSD R.L.,Emilia-Romagna,MO,San Cesario sul Panaro,CSI,CSI,CSI
VOLLEY SAN MICHELE MONTEMERLO,Veneto,PD,Cervarese Santa Croce,CSI,CSI,CSI
VOLLEY SAN MICHELESE ASD,Emilia-Romagna,MO,Sassuolo,CSI,CSI,CSI
VOLLEY SASSUOLO ASSOCIAZIONE SPORTIVA DILETTANTISTICA,Emilia-Romagna,MO,Sassuolo,CSI,CSI,CSI
VOLLEY SCANDIANO ASSOCIAZIONE SPORTIVA DILETTANTISTICA,Emilia-Romagna,RE,Scandiano,CSI,CSI,CSI
VOLLEY SEGRATE A.S.D.,Lombardia,MI,Segrate,PGS,PGS,PGS
VOLLEY SENIGALLIA ASSOCIAZIONE SPORTIVA DILETTANTISTICA,Marche,AN,Senigallia,UISP,UISP,UISP
VOLLEY SESSA,Campania,CE,Sessa Aurunca,CSI,CSI,CSI
VOLLEY SILEA ASD,Veneto,TV,Silea,CSI,CSI,CSI
VOLLEY SOVICO,Lombardia,MB,Sovico,PGS,PGS,PGS
VOLLEY TREVISO SOCIETA' SPORTIVA DILETTANTISTICA A RESPONSABILITA' LIMITATA,Veneto,TV,Treviso,AICS,AICS,AICS
VOLLEY TRICOLORE REGGIO EMILIA A.S.DILETTANTISTICA S.R.L.,Emilia-Romagna,RE,Reggio nell'Emilia,CSI,CSI,CSI
VOLLEY UNION CREAZZO A.S.D.,Veneto,VI,Creazzo,ASC,ASC,ASC
VOLLEY UNO 2004 ASSOCIAZIONE SPORTIVA DILETTANTISTICA,Lazio,RM,Roma,AICS,AICS,AICS UISP
VOLLEY VIGONOVO ASSOCIAZIONE SPORTIVA DILETTANTISTICA,Friuli-Venezia Giulia,PN,Fontanafredda,AICS,AICS,AICS
VOLLEY ZOCCA ASSOCIAZIONE SPORTIVA DILETTANTISTICA,Emilia-Romagna,MO,Zocca,CSI,CSI,CSI
VOLLEY-GAMES ASSOCIAZIONE SPORTIVA DILETTANTISTICA,Trentino-Alto Adige/Südtirol,TN,Trento,US_ACLI,US_ACLI,US_ACLI
VOLLEYAMO,Friuli-Venezia Giulia,UD,Fiumicello Villa Vicentina,CSI,CSI,CSI
VOLLEYFUSION ASSOCIAZIONE SPORTIVA DILETTANTISTICA,Veneto,TV,Maserada sul Piave,CSI,CSI,CSI
YOUNG VOLLEY LISSONE,Lombardia,MB,Lissone,PGS,PGS,PGS
YZ VOLLEY A.S.DILETTANTISTICA,Emilia-Romagna,BO,Bologna,CSI,CSI,UISP CSI
